a	a	0
a	b	1
b	a	1
b	b	0
a	aa	1
a	ab	1
a	ba	1
a	bb	2
b	aa	2
b	ab	1
b	ba	1
b	bb	1
a	aaa	2
a	aab	2
a	aba	2
a	abb	2
a	baa	2
a	bab	2
a	bba	2
a	bbb	3
b	aaa	3
b	aab	2
b	aba	2
b	abb	2
b	baa	2
b	bab	2
b	bba	2
b	bbb	2
a	aaaa	3
a	aaab	3
a	aaba	3
a	aabb	3
a	abaa	3
a	abab	3
a	abba	3
a	abbb	3
a	baaa	3
a	baab	3
a	baba	3
a	babb	3
a	bbaa	3
a	bbab	3
a	bbba	3
a	bbbb	4
b	aaaa	4
b	aaab	3
b	aaba	3
b	aabb	3
b	abaa	3
b	abab	3
b	abba	3
b	abbb	3
b	baaa	3
b	baab	3
b	baba	3
b	babb	3
b	bbaa	3
b	bbab	3
b	bbba	3
b	bbbb	3
aa	a	1
aa	b	2
ab	a	1
ab	b	1
ba	a	1
ba	b	1
bb	a	2
bb	b	1
aa	aa	0
aa	ab	1
aa	ba	1
aa	bb	2
ab	aa	1
ab	ab	0
ab	ba	2
ab	bb	1
ba	aa	1
ba	ab	2
ba	ba	0
ba	bb	1
bb	aa	2
bb	ab	1
bb	ba	1
bb	bb	0
aa	aaa	1
aa	aab	1
aa	aba	1
aa	abb	2
aa	baa	1
aa	bab	2
aa	bba	2
aa	bbb	3
ab	aaa	2
ab	aab	1
ab	aba	1
ab	abb	1
ab	baa	2
ab	bab	1
ab	bba	2
ab	bbb	2
ba	aaa	2
ba	aab	2
ba	aba	1
ba	abb	2
ba	baa	1
ba	bab	1
ba	bba	1
ba	bbb	2
bb	aaa	3
bb	aab	2
bb	aba	2
bb	abb	1
bb	baa	2
bb	bab	1
bb	bba	1
bb	bbb	1
aa	aaaa	2
aa	aaab	2
aa	aaba	2
aa	aabb	2
aa	abaa	2
aa	abab	2
aa	abba	2
aa	abbb	3
aa	baaa	2
aa	baab	2
aa	baba	2
aa	babb	3
aa	bbaa	2
aa	bbab	3
aa	bbba	3
aa	bbbb	4
ab	aaaa	3
ab	aaab	2
ab	aaba	2
ab	aabb	2
ab	abaa	2
ab	abab	2
ab	abba	2
ab	abbb	2
ab	baaa	3
ab	baab	2
ab	baba	2
ab	babb	2
ab	bbaa	3
ab	bbab	2
ab	bbba	3
ab	bbbb	3
ba	aaaa	3
ba	aaab	3
ba	aaba	2
ba	aabb	3
ba	abaa	2
ba	abab	2
ba	abba	2
ba	abbb	3
ba	baaa	2
ba	baab	2
ba	baba	2
ba	babb	2
ba	bbaa	2
ba	bbab	2
ba	bbba	2
ba	bbbb	3
bb	aaaa	4
bb	aaab	3
bb	aaba	3
bb	aabb	2
bb	abaa	3
bb	abab	2
bb	abba	2
bb	abbb	2
bb	baaa	3
bb	baab	2
bb	baba	2
bb	babb	2
bb	bbaa	2
bb	bbab	2
bb	bbba	2
bb	bbbb	2
aaa	a	2
aaa	b	3
aab	a	2
aab	b	2
aba	a	2
aba	b	2
abb	a	2
abb	b	2
baa	a	2
baa	b	2
bab	a	2
bab	b	2
bba	a	2
bba	b	2
bbb	a	3
bbb	b	2
aaa	aa	1
aaa	ab	2
aaa	ba	2
aaa	bb	3
aab	aa	1
aab	ab	1
aab	ba	2
aab	bb	2
aba	aa	1
aba	ab	1
aba	ba	1
aba	bb	2
abb	aa	2
abb	ab	1
abb	ba	2
abb	bb	1
baa	aa	1
baa	ab	2
baa	ba	1
baa	bb	2
bab	aa	2
bab	ab	1
bab	ba	1
bab	bb	1
bba	aa	2
bba	ab	2
bba	ba	1
bba	bb	1
bbb	aa	3
bbb	ab	2
bbb	ba	2
bbb	bb	1
aaa	aaa	0
aaa	aab	1
aaa	aba	1
aaa	abb	2
aaa	baa	1
aaa	bab	2
aaa	bba	2
aaa	bbb	3
aab	aaa	1
aab	aab	0
aab	aba	2
aab	abb	1
aab	baa	2
aab	bab	1
aab	bba	3
aab	bbb	2
aba	aaa	1
aba	aab	2
aba	aba	0
aba	abb	1
aba	baa	2
aba	bab	2
aba	bba	1
aba	bbb	2
abb	aaa	2
abb	aab	1
abb	aba	1
abb	abb	0
abb	baa	3
abb	bab	2
abb	bba	2
abb	bbb	1
baa	aaa	1
baa	aab	2
baa	aba	2
baa	abb	3
baa	baa	0
baa	bab	1
baa	bba	1
baa	bbb	2
bab	aaa	2
bab	aab	1
bab	aba	2
bab	abb	2
bab	baa	1
bab	bab	0
bab	bba	2
bab	bbb	1
bba	aaa	2
bba	aab	3
bba	aba	1
bba	abb	2
bba	baa	1
bba	bab	2
bba	bba	0
bba	bbb	1
bbb	aaa	3
bbb	aab	2
bbb	aba	2
bbb	abb	1
bbb	baa	2
bbb	bab	1
bbb	bba	1
bbb	bbb	0
aaa	aaaa	1
aaa	aaab	1
aaa	aaba	1
aaa	aabb	2
aaa	abaa	1
aaa	abab	2
aaa	abba	2
aaa	abbb	3
aaa	baaa	1
aaa	baab	2
aaa	baba	2
aaa	babb	3
aaa	bbaa	2
aaa	bbab	3
aaa	bbba	3
aaa	bbbb	4
aab	aaaa	2
aab	aaab	1
aab	aaba	1
aab	aabb	1
aab	abaa	2
aab	abab	1
aab	abba	2
aab	abbb	2
aab	baaa	2
aab	baab	1
aab	baba	2
aab	babb	2
aab	bbaa	3
aab	bbab	2
aab	bbba	3
aab	bbbb	3
aba	aaaa	2
aba	aaab	2
aba	aaba	1
aba	aabb	2
aba	abaa	1
aba	abab	1
aba	abba	1
aba	abbb	2
aba	baaa	2
aba	baab	3
aba	baba	1
aba	babb	2
aba	bbaa	2
aba	bbab	2
aba	bbba	2
aba	bbbb	3
abb	aaaa	3
abb	aaab	2
abb	aaba	2
abb	aabb	1
abb	abaa	2
abb	abab	1
abb	abba	1
abb	abbb	1
abb	baaa	3
abb	baab	2
abb	baba	2
abb	babb	1
abb	bbaa	3
abb	bbab	2
abb	bbba	2
abb	bbbb	2
baa	aaaa	2
baa	aaab	2
baa	aaba	2
baa	aabb	3
baa	abaa	1
baa	abab	2
baa	abba	2
baa	abbb	3
baa	baaa	1
baa	baab	1
baa	baba	1
baa	babb	2
baa	bbaa	1
baa	bbab	2
baa	bbba	2
baa	bbbb	3
bab	aaaa	3
bab	aaab	2
bab	aaba	2
bab	aabb	2
bab	abaa	2
bab	abab	1
bab	abba	3
bab	abbb	2
bab	baaa	2
bab	baab	1
bab	baba	1
bab	babb	1
bab	bbaa	2
bab	bbab	1
bab	bbba	2
bab	bbbb	2
bba	aaaa	3
bba	aaab	3
bba	aaba	2
bba	aabb	3
bba	abaa	2
bba	abab	2
bba	abba	1
bba	abbb	2
bba	baaa	2
bba	baab	2
bba	baba	1
bba	babb	2
bba	bbaa	1
bba	bbab	1
bba	bbba	1
bba	bbbb	2
bbb	aaaa	4
bbb	aaab	3
bbb	aaba	3
bbb	aabb	2
bbb	abaa	3
bbb	abab	2
bbb	abba	2
bbb	abbb	1
bbb	baaa	3
bbb	baab	2
bbb	baba	2
bbb	babb	1
bbb	bbaa	2
bbb	bbab	1
bbb	bbba	1
bbb	bbbb	1
aaaa	a	3
aaaa	b	4
aaab	a	3
aaab	b	3
aaba	a	3
aaba	b	3
aabb	a	3
aabb	b	3
abaa	a	3
abaa	b	3
abab	a	3
abab	b	3
abba	a	3
abba	b	3
abbb	a	3
abbb	b	3
baaa	a	3
baaa	b	3
baab	a	3
baab	b	3
baba	a	3
baba	b	3
babb	a	3
babb	b	3
bbaa	a	3
bbaa	b	3
bbab	a	3
bbab	b	3
bbba	a	3
bbba	b	3
bbbb	a	4
bbbb	b	3
aaaa	aa	2
aaaa	ab	3
aaaa	ba	3
aaaa	bb	4
aaab	aa	2
aaab	ab	2
aaab	ba	3
aaab	bb	3
aaba	aa	2
aaba	ab	2
aaba	ba	2
aaba	bb	3
aabb	aa	2
aabb	ab	2
aabb	ba	3
aabb	bb	2
abaa	aa	2
abaa	ab	2
abaa	ba	2
abaa	bb	3
abab	aa	2
abab	ab	2
abab	ba	2
abab	bb	2
abba	aa	2
abba	ab	2
abba	ba	2
abba	bb	2
abbb	aa	3
abbb	ab	2
abbb	ba	3
abbb	bb	2
baaa	aa	2
baaa	ab	3
baaa	ba	2
baaa	bb	3
baab	aa	2
baab	ab	2
baab	ba	2
baab	bb	2
baba	aa	2
baba	ab	2
baba	ba	2
baba	bb	2
babb	aa	3
babb	ab	2
babb	ba	2
babb	bb	2
bbaa	aa	2
bbaa	ab	3
bbaa	ba	2
bbaa	bb	2
bbab	aa	3
bbab	ab	2
bbab	ba	2
bbab	bb	2
bbba	aa	3
bbba	ab	3
bbba	ba	2
bbba	bb	2
bbbb	aa	4
bbbb	ab	3
bbbb	ba	3
bbbb	bb	2
aaaa	aaa	1
aaaa	aab	2
aaaa	aba	2
aaaa	abb	3
aaaa	baa	2
aaaa	bab	3
aaaa	bba	3
aaaa	bbb	4
aaab	aaa	1
aaab	aab	1
aaab	aba	2
aaab	abb	2
aaab	baa	2
aaab	bab	2
aaab	bba	3
aaab	bbb	3
aaba	aaa	1
aaba	aab	1
aaba	aba	1
aaba	abb	2
aaba	baa	2
aaba	bab	2
aaba	bba	2
aaba	bbb	3
aabb	aaa	2
aabb	aab	1
aabb	aba	2
aabb	abb	1
aabb	baa	3
aabb	bab	2
aabb	bba	3
aabb	bbb	2
abaa	aaa	1
abaa	aab	2
abaa	aba	1
abaa	abb	2
abaa	baa	1
abaa	bab	2
abaa	bba	2
abaa	bbb	3
abab	aaa	2
abab	aab	1
abab	aba	1
abab	abb	1
abab	baa	2
abab	bab	1
abab	bba	2
abab	bbb	2
abba	aaa	2
abba	aab	2
abba	aba	1
abba	abb	1
abba	baa	2
abba	bab	3
abba	bba	1
abba	bbb	2
abbb	aaa	3
abbb	aab	2
abbb	aba	2
abbb	abb	1
abbb	baa	3
abbb	bab	2
abbb	bba	2
abbb	bbb	1
baaa	aaa	1
baaa	aab	2
baaa	aba	2
baaa	abb	3
baaa	baa	1
baaa	bab	2
baaa	bba	2
baaa	bbb	3
baab	aaa	2
baab	aab	1
baab	aba	3
baab	abb	2
baab	baa	1
baab	bab	1
baab	bba	2
baab	bbb	2
baba	aaa	2
baba	aab	2
baba	aba	1
baba	abb	2
baba	baa	1
baba	bab	1
baba	bba	1
baba	bbb	2
babb	aaa	3
babb	aab	2
babb	aba	2
babb	abb	1
babb	baa	2
babb	bab	1
babb	bba	2
babb	bbb	1
bbaa	aaa	2
bbaa	aab	3
bbaa	aba	2
bbaa	abb	3
bbaa	baa	1
bbaa	bab	2
bbaa	bba	1
bbaa	bbb	2
bbab	aaa	3
bbab	aab	2
bbab	aba	2
bbab	abb	2
bbab	baa	2
bbab	bab	1
bbab	bba	1
bbab	bbb	1
bbba	aaa	3
bbba	aab	3
bbba	aba	2
bbba	abb	2
bbba	baa	2
bbba	bab	2
bbba	bba	1
bbba	bbb	1
bbbb	aaa	4
bbbb	aab	3
bbbb	aba	3
bbbb	abb	2
bbbb	baa	3
bbbb	bab	2
bbbb	bba	2
bbbb	bbb	1
aaaa	aaaa	0
aaaa	aaab	1
aaaa	aaba	1
aaaa	aabb	2
aaaa	abaa	1
aaaa	abab	2
aaaa	abba	2
aaaa	abbb	3
aaaa	baaa	1
aaaa	baab	2
aaaa	baba	2
aaaa	babb	3
aaaa	bbaa	2
aaaa	bbab	3
aaaa	bbba	3
aaaa	bbbb	4
aaab	aaaa	1
aaab	aaab	0
aaab	aaba	2
aaab	aabb	1
aaab	abaa	2
aaab	abab	1
aaab	abba	3
aaab	abbb	2
aaab	baaa	2
aaab	baab	1
aaab	baba	3
aaab	babb	2
aaab	bbaa	3
aaab	bbab	2
aaab	bbba	4
aaab	bbbb	3
aaba	aaaa	1
aaba	aaab	2
aaba	aaba	0
aaba	aabb	1
aaba	abaa	2
aaba	abab	2
aaba	abba	1
aaba	abbb	2
aaba	baaa	2
aaba	baab	2
aaba	baba	1
aaba	babb	2
aaba	bbaa	3
aaba	bbab	3
aaba	bbba	2
aaba	bbbb	3
aabb	aaaa	2
aabb	aaab	1
aabb	aaba	1
aabb	aabb	0
aabb	abaa	3
aabb	abab	2
aabb	abba	2
aabb	abbb	1
aabb	baaa	3
aabb	baab	2
aabb	baba	2
aabb	babb	1
aabb	bbaa	4
aabb	bbab	3
aabb	bbba	3
aabb	bbbb	2
abaa	aaaa	1
abaa	aaab	2
abaa	aaba	2
abaa	aabb	3
abaa	abaa	0
abaa	abab	1
abaa	abba	1
abaa	abbb	2
abaa	baaa	2
abaa	baab	2
abaa	baba	2
abaa	babb	3
abaa	bbaa	1
abaa	bbab	2
abaa	bbba	2
abaa	bbbb	3
abab	aaaa	2
abab	aaab	1
abab	aaba	2
abab	aabb	2
abab	abaa	1
abab	abab	0
abab	abba	2
abab	abbb	1
abab	baaa	3
abab	baab	2
abab	baba	2
abab	babb	2
abab	bbaa	2
abab	bbab	1
abab	bbba	3
abab	bbbb	2
abba	aaaa	2
abba	aaab	3
abba	aaba	1
abba	aabb	2
abba	abaa	1
abba	abab	2
abba	abba	0
abba	abbb	1
abba	baaa	3
abba	baab	3
abba	baba	2
abba	babb	2
abba	bbaa	2
abba	bbab	2
abba	bbba	1
abba	bbbb	2
abbb	aaaa	3
abbb	aaab	2
abbb	aaba	2
abbb	aabb	1
abbb	abaa	2
abbb	abab	1
abbb	abba	1
abbb	abbb	0
abbb	baaa	4
abbb	baab	3
abbb	baba	3
abbb	babb	2
abbb	bbaa	3
abbb	bbab	2
abbb	bbba	2
abbb	bbbb	1
baaa	aaaa	1
baaa	aaab	2
baaa	aaba	2
baaa	aabb	3
baaa	abaa	2
baaa	abab	3
baaa	abba	3
baaa	abbb	4
baaa	baaa	0
baaa	baab	1
baaa	baba	1
baaa	babb	2
baaa	bbaa	1
baaa	bbab	2
baaa	bbba	2
baaa	bbbb	3
baab	aaaa	2
baab	aaab	1
baab	aaba	2
baab	aabb	2
baab	abaa	2
baab	abab	2
baab	abba	3
baab	abbb	3
baab	baaa	1
baab	baab	0
baab	baba	2
baab	babb	1
baab	bbaa	2
baab	bbab	1
baab	bbba	3
baab	bbbb	2
baba	aaaa	2
baba	aaab	3
baba	aaba	1
baba	aabb	2
baba	abaa	2
baba	abab	2
baba	abba	2
baba	abbb	3
baba	baaa	1
baba	baab	2
baba	baba	0
baba	babb	1
baba	bbaa	2
baba	bbab	2
baba	bbba	1
baba	bbbb	2
babb	aaaa	3
babb	aaab	2
babb	aaba	2
babb	aabb	1
babb	abaa	3
babb	abab	2
babb	abba	2
babb	abbb	2
babb	baaa	2
babb	baab	1
babb	baba	1
babb	babb	0
babb	bbaa	3
babb	bbab	2
babb	bbba	2
babb	bbbb	1
bbaa	aaaa	2
bbaa	aaab	3
bbaa	aaba	3
bbaa	aabb	4
bbaa	abaa	1
bbaa	abab	2
bbaa	abba	2
bbaa	abbb	3
bbaa	baaa	1
bbaa	baab	2
bbaa	baba	2
bbaa	babb	3
bbaa	bbaa	0
bbaa	bbab	1
bbaa	bbba	1
bbaa	bbbb	2
bbab	aaaa	3
bbab	aaab	2
bbab	aaba	3
bbab	aabb	3
bbab	abaa	2
bbab	abab	1
bbab	abba	2
bbab	abbb	2
bbab	baaa	2
bbab	baab	1
bbab	baba	2
bbab	babb	2
bbab	bbaa	1
bbab	bbab	0
bbab	bbba	2
bbab	bbbb	1
bbba	aaaa	3
bbba	aaab	4
bbba	aaba	2
bbba	aabb	3
bbba	abaa	2
bbba	abab	3
bbba	abba	1
bbba	abbb	2
bbba	baaa	2
bbba	baab	3
bbba	baba	1
bbba	babb	2
bbba	bbaa	1
bbba	bbab	2
bbba	bbba	0
bbba	bbbb	1
bbbb	aaaa	4
bbbb	aaab	3
bbbb	aaba	3
bbbb	aabb	2
bbbb	abaa	3
bbbb	abab	2
bbbb	abba	2
bbbb	abbb	1
bbbb	baaa	3
bbbb	baab	2
bbbb	baba	2
bbbb	babb	1
bbbb	bbaa	2
bbbb	bbab	1
bbbb	bbba	1
bbbb	bbbb	0
AAAACTGCTGGCAGTGGGGCATTACCTCGAATCTACCGTCGAT	TGCCGTGGCGAGAAAATGTCGATCGCCATTATGGCCGGCGTATTAGA	28
ATAAAACATGTCCTGCATGGCATTAGTTTGTTGGGGCAGTGCCCG	GTCTCTGTGTGGATTAAAAAAAGAGTGTCTGATAGCAGCTTCTGAACTGG	29
GGTAACGAGGTAACAACCAT	CGCTTCTCCGCGTCTTCCGC	14
AATGCGGGC	AGGTAACGAGGTAA	8
ACCACCATTACCACCACCATAAACCATTAC	AACGTATTTTTGCCGAACTTTTGACGGGACTCG	20
GGGTTCCCGCTGGCGCAATTGAAAACTTTCGTCGATCA	TGGCGCAATTGAAAACTTTCGTCGATCAGGAATTTGCC	20
GGCATTACCTCGAATCTACCGTCGATATTGCTGAGTCCACCCG	AAGACATCGGCGCTGATGGCAGGTTTCACTGCCGACATTAAAAAAGTCG	29
T	AAGGCG	6
CGCGCCCAGCCGGG	GACTACTCTGCTGCGGA	9
CTAAGCACCACCATTACCACCACCATAAACC	AGGGGCAGGTGGCCACCGTCCTCTCTGCCCCCGCCAAAA	22
AACTTTCG	AGTGCCCGGAT	8
CGGGTCTGACAGTGCGGGGTTTTCTTTTCGACCAAAGG	CACCACCATTACCACCACCATAAACCATTACCATAGTTAAGCG	28
ATGAAAAAGGCGAACTGGTGGTGCTTGGACGCA	TGGCATTAGTTTGTTGGGGCAGTGCCCGGATAGCATCAACGC	24
TATGGCCGGCGTATTAGAAGCGCGCGGTCACAACGTTACTGTTATCGA	ACTGCAACGGGCAATATGTCTCTGTGTGGATTAAAAAAAGAGTGTCTGATAGC	27
TT	GACA	4
TGT	CCAATA	5
TATCGATCGGGGCGAGCAATGCGGG	GCCAGGCAGGGGCGGCTGCCCCCGACT	17
ATCCCCAATTAATGCCGGCGTATTATGTTGCGAG	AATGAAAAAGGCGAACTGGTGGTGCTTGGACGCAACGGTTCCG	26
GCAGAACCCTTGACGTGAC	GCCAAAATCACCAACCACCTGG	11
GCAATTGAAAACTTTCGTCGATCAGGAATTTGCC	CCCCCGACTGTCTGCGCCGCCAAATCACCCGAACACCTG	25
TGTCCTGCATGGCAGTAGTT	AAATATATACATGTCCTGCATGGCAGTA	14
ACATCAGTGGCAAATGCAGAACGTTTTCTGCGTGTTGCCGATATTCTG	CCGCCGTATTGCGGCAAGCCGCATTCCGGCTGATCACATGGTGCTGATGGCAG	27
TTTAACCAATATAGGCATAGCGCACAGACAGATAAAAATTACAGAG	TGTCACAATGCTGACTGCTATCGATCGGGGCGAGCAATGCGGGCTGTGGGTAG	29
TGCTGGCAGTGGGGCATTACCTCGAATCTACCGTC	AGATCAGCGATGCCGCACCGATTCTTGCAGAACCCTTGA	22
GCTGACGCGTACAGGAAACACAGAA	CTCTCTGCCCCCGCCAAAATCACCAACCACCTG	20
T	A	1
AATTGCCCAAATA	TTTGCCCAAATAAAACATGTCC	12
CCCATTCCGGGTGAAGACATCGGCGCTGATGGCAGGTTTCA	CCTGTTTACGCGCCGATTAGCTGTGATTACTGACGGCAACGGG	25
CGCACAGAGAGATAA	AACATGTCCTGCATGGC	12
G	CGT	2
TCGATATTGCTGAGTCCACCCGCCGTATTGCGGCAA	TCCTCTCTGCCCCCGCCAAAATCACCAACCACCTGGTGGCG	23
TAACCAATATAGGCATAGCG	GACTACTCTGCTGCGGTGCTGG	13
ACCGTCCTCTCTGCCCCCGCCAAAATCACCAACCACCTGGTGGCGA	CTGATTTGCCGTGGCGAGAAAATGTCGATCGCCATTATGGCCGGCGT	25
GGCAGGGGCAGGTGGCCACCGTCCTCTCTGCC	TTTATTGACTTAGGTCACTAAATACTTTAACCAATATAG	25
GATAGCAGCTTCTGAACTGGTTA	TCGGCGGTACATCAGTGGCAAATGCAGAACGT	20
ACCTCGAATCTACCGTCGCAATTA	GCCGGCGTATTATGTTGCGAGTTGTCACAA	16
ATTACCGTAGACCCATTCCGGGT	CTGCTGGCAGTGGGGCATTACCTCGAATCTA	18
CTCCGCGTCTTCCGCGATATTCTGGTAAGCAATGCCAGGCAG	GGAGATGATAGAAAAAACCATTAGCGGCCATGATGCTTTACCGCAGAT	31
GGCGTACATCAGTGGCAAATGGAGAACGC	TTTTGCCGAACTTTTGACGGGACTCGCCGCCGCCCAGC	22
GTA	GTATTAGAA	6
CGGGCTTTTTTTTTCGACC	GGTCTGACAGTGCGGGGTT	14
CCGG	GATAGA	5
CGGGCTGTGGGTAGGACCT	TAAAACATGTCCTGCATGGCA	14
AGTGCGGGGTTTT	GCCAAAATCACCAAC	14
GACATCG	ACGTATTTTTGC	8
TCCTGCATGGCATTAGTTTGTTGGGGCAGTGCCCGGATAGCATC	CGCTGGCGCAATTGAAAACTTTCGTCGATCAGGAATTTGCCCAAATAAAA	26
GTTTGTTGGGGCAGTGCCCGGGTCGATTCAACGATGCGCCGCTT	TGCGGGGTTTTCTTTTCGACCAAAGGTAACGGGTAACTACCATG	30
AGCAATGCGGGCT	ACCATAAACCATTACCATAGT	14
TAGTTTGTTGGGGCAGTGC	CTTTACCGCAGATCAGCGAT	13
CGCCGCTTGCCGTGGTTAGAAAATGTCG	GGTTAGAAAATGTCGATCCCCAATTAATGCC	19
GCTTCTCCGCGTCTTCCG	GATCGGGGCGAGCAATGCGGGCTGTGG	17
CGGTGCGGGCTGACGCGTACAGGAAACACAGAAAAAAGCCCGCACCTGAC	ATTGACTTAGGTCACTAAATACTTTAACCAATATAGGCATAGCGCACAGACAGATA	31
ACTGGTTACCTGCCGTGAG	AAAGAGTGTCTGGTAGCAGCT	12
GTCACTAACTACTTTAACCAATATAGGCATA	TGCCCAAATATATACATGTCCTGCATGGCAGTAGT	18
AGTGTCTGATAGCAGCTTCTGAAC	TCGCCGCCGCCCAGCCGGGGTTCCCG	18
C	GGCAGT	5
CATTACCACCACCATCACCATTACCACAGGTAACGGT	GGTAACGGTGCGGGCTGACGCGTACAGGAAACACAGAAA	25
CGCTGATGGCAGGTTTCACTGCCGACATTAAAAAAGT	TATACATGTCCTGCATGGCAGTAGTTTGTTGGGGCAGTGCCCGGG	25
TAGCGGCCAGGAT	TGCCCGGATAGCATCA	8
GAGTGTCTGGTAGC	GGCAGTGGGGCATTACCTCGAA	13
TGAGTAAATTAAAAT	GTCGAAAAACTGCTGGCAGT	11
TCAGGAATTTGCCCAAATAAAACATGTCCTGCATGGCATTAG	ACGGTTCCGACTACTCTGCTGCGGTGCTGGCTGCCTGTTTAC	25
ATATCAGCGATGCCGAACGTATTTTTGCCGAACTTTTGACGGGACT	AACGGTTCCGACTACTCTGCTGCGGATGCTCGCTACCTGTTCCCGCGCC	26
CGGGCTGTGGGTA	GTATTAGAAGCGCGCGGTCA	12
GTAATGAAAAAGGCGAACTGGTGGTGCTTGGACGCAACGGTTCCGA	CCACCCGCCGTATTGCGGCAAGCCGCATTCCGGCTGATCACATGGTGCTGA	29
TGGTGCTTTGGACGCAAC	GCAAGCCGCATTCCGGCTG	14
CAGGTGGCCACCGTCCT	ACCGCCGGTAATGAAAA	12
TGGC	AAAATTT	7
CCGAACGTATTTTTGCCGAACTTTTG	TAAATACTTTAACCAATATAGGCATAGCGCACAGA	23
AAATCACCCGAACACCTGGTGGAGATGATAGAAAAAACCAT	TTTTTTTCGACCAAAGGTAACGAGGTAACAACCATGCGAGTGTTGAAG	31
AAATCACCCGAACACCTGGTGGAGATGATAGAAAAAACCATTA	ACCATAGTTAAGCGGTGCGGGCTGTCGCGTACACCAAACACAGAAAAAAACC	29
CGACTACTCTGCTGCGGTGCTGGCTGC	TCTGATAGCAGCTTCTGAACTGGTTACCTGCCG	16
GTAAATTAAAATTTTATTGACTTAGGTCAC	AGTGGGGCATTACCTCGAATCTACCGTCGATATTGCTGA	23
TTAGTTTGTTGGGGCA	GCCGTGGTTAGAAAATGTCGATC	15
GCATTAGCACCACCATTA	GCAGTGGGGCATTACCTCGAATCTACC	13
GTCGCGTACACCAAACACAGAAAAAAACCGGGTCTGACAGTG	TCCGGCTGATCACATGGTGCTGATGGCAGGTTTCACCGCCGGTAATGAA	30
GGTCACT	GCCGTGGGTAAATCTA	10
CAATGCTGACTGCTATCGAT	CGTCGATATTGCTGAGTCCACCCGCCGT	14
CGCCGC	GCACAGAGAGATA	10
GCACCTGACAGTGCGGGCTTTTTTTTTCGACCAAAGGTAAC	CCATTAGCGGCCATGATGCTTTACCGCAGATCAGCGATGCCGCAC	27
AACGGTTCCGACTACTCT	GATATTGCTGAGTCCACC	10
AAAGAGTGTCTGGTAGCAGCTTCTGAAATGTTACCT	CACCTGGTGGCGATGATTGAAAAAACCATTAGCGGCCAGGAT	26
TGACGTGACTAGCCTGCGCGCCCAGCCGGGGTACCCAGC	CGGTGCGGGCTGACGCGTACAGGAAACACAGAAAAAAGCCCG	24
CCGTATTACCGTAGACCCATTCCGGGTGAAGACATCGGC	CCAGCCGGGGTTCCCGCTGGCGCAATTGAAAACTTTCGTCGATCAGGA	26
TA	CT	2
GCTTTAC	TTAGAAGCG	7
ACAGAGAGATA	TGCGCGCCCAGCCGGGGT	13
CGCCGGTAATGAAAA	GCGCCGCTTGCCGTGGTTA	10
GTTGGGGCAGTGCCCGGGTCGA	AGTTTGTTGGGGCAGTGCCCGGATAGCATCA	11
CCATTAGCGGCCAGGATG	ATTGCTGAGTCCACCCGCCGTA	13
AATGCTGACTGCTATCGATCGGGGCGAGC	CAAATGGAGAACGCTTCTCCGCGTCTTCCGCGATATTC	19
CAGTGGCAAATGCAGAACGTTTTCTGCGT	CTGATAGCAGCTTCTGAACTGGTTACCTGCC	13
CAAAGGTAACGAGGTAACAACCATGCGA	GGAAAGCAATGCCAGGCAGGGGCAGGTGGC	17
AACCAATATA	GCGGGCTGTGGGTAGGA	13
TTGAAAACTTTCGTCGATCAGG	GGATGCTCGCTACCTGTTCCCGCGCCTGA	17
TGTTATCGAT	CTGCCCCCGCCAAAATC	11
GCAGCTTCTGAAATGTTACCTGCCGTGGGTAAAT	ATTCTGGAAAGCAATGCCAGGCAGGGGCAGGTGGCCAC	22
TTTAA	GAACT	5
ACTACTTTAACCAATATAGGCATAACGCACAGAGAGATAAAGATA	TATAGGCATAGCGCACAGACAGATAAAAATTACAGAGTACACAAC	24
GCCAGGATGCTTTACC	GGCGAGCAATGCGGGCT	9
GCTGATGGCAGGTTTCACTGCC	CAGACAGATAAAAATTACAGAGTACACAA	17
ATGGTGCTGATGGCAGGTTTCA	ATATTCTGGTAAGCAATGCCAGG	12
CTGACGCGTACAG	GACCAAAGGTAACG	8
TGTCCTGCATGGCATTAGTTTGTTGGGGCAGTGCCCGGATAG	ATATGTCTCTGTGTGGATTAAAAAAAGAGTGTCTGATAGCAGCTTCTGAAC	26
AAGCGCGCGGTCACAACGTTACTGTTATCG	CAATATCAGCGATGCCGAACGTATTTTTGCCGAA	16
TGGAGAACGCTTCTCCGCGTCTTCCGCGATATTCTGGT	AGTGTTGAAGTTCGGCGGTACATCAGTGGCAAATGCAGA	20
AGGTAACGAGGTAAC	GGTTAGAAAATGTCGAT	9
GAGAACGCTTCTCCGCGTCTTCCGCGATATTCTGGTAAGCAA	AATTGCCCAAATATATACATGTCCTGCATGGCAGTAGTTTGT	28
GCATAGCGCACAGACAGATAAA	TTAGCGGCCATGATGCTTTACCG	14
TCTACC	CAGATCAGCGAT	9
AACACCTGGTGGAGATGATAGAAAAAAC	TTAGCACCACCATTACCACCACCATCACCATTACC	21
TGTCTGGTAGCAGCTTCTGAAATGTT	CCGCCGCCCAGCCGGGGTTCCCGCTGGCGCAATTG	21
GCCGTATTGCGGCAAGCCGCATTCC	ATTCTGGTAAGCAATGCCAGGCAGGGG	16
GATAAGTAATTGCCCAAATATATACATGTCCTGCATGGCAGTAGT	CTTTTCATTCTGACTGCAACGGGCAATATGTCTCTGTGTGGATTAA	25
TTTTGCCGAACTTTTGACGGGACTCGCCGCCGCCCAGCCGGGGTTCCCGC	ATGTCGATCGCCATTATGGCCGGCGTATTAGAAGCGCGCGGTCACAACGTTACTGTTA	30
CCGTGGTTAGAAAAT	CCGCGCCTGAT	7
ATACTTTAACCAATATAGGCATAGCGCACAGACAGATAAAAATTACAGA	AGTGGCAAATGGAGAACGCTTCTCCGCGTCTTCCGCGATATTCTGGTAAGCA	31
TGCGCCGCCAAATCACCCGAACACCTGGTGGAGATGATAGAAAAAAC	GTGCGGGGTTTTCTTTTCGACCAAAGGTAACGGGTAACTACCATGCACGTTGAAGT	32
TCTGAAATGTTACCTGCCGTGGGTAAATCTAAAATTTTTATTGACTTCG	CCAACCACCTGGTGGCGATGATTGAAAAAACCATTAGCGGCCAGGATGCTTTA	32
ATAAAGATAACAGAGTACACGACATCCATGAAACTCATCT	GATATTCTGGAAAGCAATGCCAGGCAGGGGCAGGTGGCCACCGTCCTCT	26
CGTACAGGAAACACAGAAAAAAGCCCGCACCTGACAGTGCGGGCTTT	GCGATGCCGCACCGATTCTTGCAGAACCCTTGACGTGACTAGCCTGCGCGC	27
T	AACG	4
CCAAATCACCCGAACACCTGGTGGAGAT	CGGCGTACATCAGTGGCAAATGGAGAACGCTTC	18
GGACTC	GGCGCAATTGA	7
GTGGGTAGGACCTCGAATCTAC	GCAGGTTTCACTGCCGACATTAAA	12
TGTGTGTTAAAAAAAGAGTGTCTGGTAGCAG	GCAGAACGTTTTCTGCGTGTTGCCGATATTCTGGAAAGCA	24
GTGATTACT	ATGTTACCTG	4
CATTAGCGGCCAGGATG	TTTTTTTTTCGACCAAAGGTAAC	13
GCAGGGGCAGGTGGCCACCGTCCTCTCTGCCCCCGCCAAAATCACCAA	TAAGCGGTGCGGGCTGTCGCGTACACCAAACACAGAAAAAAACCGGGTCT	28
CGCAACGGTTCCGACTACTCTGCTGCGGTGCTGGCTGCCTGTT	ATCACATGGTGCTGATGGCAGGTTTCACCGCCGGTAATGAAAAA	27
TACTGAGTCCACCCCCCGTATTACCGTAGACCCA	TAACAACCATGCGAGTGTTGAAGTTCGGCGGTACATCAGTG	25
TGCCAGGCAG	AACCCTTGACGT	8
CAGGATGCTTTACCCAATATCAGCGATGCCGAAC	TTAAAAAAGTCGGAACTGTGTGGTGCTTTGGACGCAACGGTTC	27
TTTCGTCGATAAGTAATTGCCCAAATATATACATGTCCTG	CTGCTGCGGATGCTCGCTACCTGTTCCCGCGCCTGAT	24
GGGTAA	GAACGCT	6
GGCATTAGTTTGTTGGGGCAGTG	ATCTACCGTCGATATTGCTGAGTCCACC	16
TCAACGATGCGCCGCTTGCCGTGGTTAGAAAATGTCGATCCC	CCAATATAGGCATAACGCACAGAGAGATAAAGATAACAGAGTACACGA	25
CCCGCACCTGACAGTGCGGGCTTTTTTTTTCGACCAAAGGTAA	GATATTCTGGTAAGCAATGCCAGGCAGGGGCGGCTGCCCCCGACT	32
TAACCAATATAGGCATAGCGCA	GATTCAACGATGCGCCGCTTGCCGT	14
GCCCGGATAGCATCAACGCTGCGCTGA	GCAGCTTCTGAACTGGTTACCTGCCGTGAGTAAAT	20
ATCAGTGGCAAATGCAGAACGTTTTCTGCGTGTTGCCGATATTCTGGAA	CGCCAAATCACCCGAACACCTGGTGGAGATGATAGAAAAAACCATTAGCGGCC	32
TAGCGCATATTGAAATCTTTCGTCG	AGTTTGTTGGGGCAGTGCCCGGATAG	18
CTGGTGGAGATGATAGAAAAAAC	CTGATTTGCCGTGGCGAGAAAATGTCGAT	15
GAAGACA	TACCGCA	4
ACAGAGTACACGACATCCATGAAACTCATCTAA	AACGGGCAATATGTCTCTGTGTGGATTAAAAAAAGAGTGTCT	25
GCAGTGCCCGGATAGCATCAACGCTGCGCTGATTTGCCGTGGC	CCATAAACCATTACCATAGTTAAGCGGTGCGGGCTGTCGCGTA	24
CGCTTGCCGTGGTTAGAAAATGTCGA	CAACCACCTGGTGGCGATGATTGAAAAAACCA	16
ATAT	CGCAGATCAG	7
TCCACCCCCCGTATTACCG	TGGAAAGCAATGCCAGGCAGGG	15
TTGACTTCGTCACTAACTACTTTAACCAATATAGGCATAACGCA	CTGATGGCAGGTTTCACTGCCGACATTAAAAAAGTCGGAACTGT	22
GCATTACCTCGAATCTACCGTCGATATTGCTGAGTCCAC	GTAACGGGTAACTACCATGCACGTTGAAGTCCGGCGTACATCAGTGG	26
GGGTACCCAGCTAGCGCATATTGAAATCT	CAGAGTACACGACATCCATGAAACTCATCTAAGC	19
GGCATAACGCACAGA	ATTAGCGGCCATGATGCTT	13
G	CATGCG	5
GTCGGAACTGTGTGGTGCTTTGGACGCAACGGTTCCGACTACTCTGC	CGCATTAGCACCACCATTACCACCACCATCACCATTACCACAGGTAACGGTGCG	33
GCATGGCATTAGTTTGTTGGGGCAGTGCCCGGATAGCATCAAC	CTGCCGTGAGTAAATTAAAATTTTATTGACTTAGGTCACTAAATAC	27
AACCATGCGAGTGTTGAAGTT	TTTTTCGACCAAAGGTAACGAGGT	15
ACTACTCTGCTGCGGTGCTGGCTGCCTGTTTAC	CGGGCTGACGCGTACAGGAAACACAGAAAAAAGCCCGCA	26
GATAGAAAAAACCATTAGCGGCCATGATGCTTTACCGCAGATCAG	CGGGGCGAGCAATGCGGGCTGTGGGTAGGACCTCGAATCTACCGT	27
TGCGAGTTGTCACAATGCTG	AATATGTCTCTGTGTGGATTAAAAAAA	18
CTGACG	ACAGATAAAAA	8
CACAGACAGATAAAAATTACAGAGTACACAACATCCATG	TTCGACCAAAGGTAACGAGGTAACAACCATGCGAGTGTTGAAG	23
GTCTGATAGCAGCTTCTGAACTGGTTACCTGCCGTGAGTAA	CGCGTACACCAAACACAGAAAAAAACCGGGTCTGACAGTGCG	26
ACCATAAACCATTACCATAGTTAAGCGG	TGACTGCTATCGATCGGGGCGAGCAATGCGGG	19
CAGTGC	AGATAAAAAT	8
CAGGAAACACAGAAAAAAGCCCGCACCTGACAGT	GAACGCTTCTCCGCGTCTTCCGCGATATTCTGGT	23
TGACGGGACTCGCCG	CGTGACTAGCCTGCGCGCCCAGCC	12
TGCGGGCTTTTTTTTTCG	TGGTGGTGCTTGGACGCAACG	11
TCGGGGCGAGCAATGCGGGC	GTTGAAGTTCGGCGGTACATCAGTG	14
CCCCCGTATTACCGTA	GCCGATTAGCTGTGATTA	10
AAGCCGCATTCCGGCTGATCACATGGTGCTGATGGC	CTAACTACTTTAACCAATATAGGCATAACGCACAGAGAGATAAAG	26
CTACCGTCGCAATTACTGAG	TGTGATTACTGACGGCAACGGGCAAA	16
GTCCACCCGCCGTATTGCGGCAAGCCGCATT	CCAGGCAGGGGCGGCTGCCCCCGACTGTCTGCG	22
ATGTTGCGAGTTG	GCCGGCGTATTAGAAGCG	12
GGCCACCGTCCTCT	TGTGGATTAAAAAAAGAG	15
ACACCAAACACAGAAAAAAACCGGGTCTGACAG	AACGTATTTTTGCCGAACTTTTGACGGGACTCGCCGC	22
CACTAAATACT	TTTGCCGAACTTT	9
GGTCGATTCAACGATGCGCCGCTTGCCGTGGTTAGAAA	AACCACCTGGTGGCGATGATTGAAAAAACCATTAGCGGCCAGGAT	29
CTAAAATTTTTATTGACTTCGTCACTAACTACTTTAACC	CTCCGCGTCTTCCGCGATATTCTGGTAAGCAATGCCAGGCAGG	26
CAGTGC	ATTGAAATCTTTCG	11
ATTGAAATCTTTCGTCGATAAGTAATTGCCCAAATATATA	ATGTCTCTGTGTGTTAAAAAAAGAGTGTCTGGTAGCAGCTTC	25
GTTGCGAGTTGTCACAATGCTGACTGCTATCG	ACCTGTTCCCGCGCCTGAT	18
TTGACGGGACTCGCCGCCGCCCA	TGAAAAAGGCGAACTGGTGGTGCTTGGACGCA	17
GTAGCAGCTTCTGAAATGTTACCTGCCGTGGGTAAATCT	GTAAGCAATGCCAGGCAGGGGCGGCTGCCCCCGACTGTCTGCG	24
CA	AACGTTT	6
ACA	ACATCC	3
TGGTTAGAAAATGTCGATCCCCAATTAA	GCTGATTTGCCGTGGCGAGAAAATGTCGATCGCCAT	18
TTTGTTGGGGCAGTGCCCGGATAGCATCA	GGGTAACTACCATGCACGTTGAAGTCCGG	19
AACCATTACCATAGTTAAGCGGTGCGGGCTGTCGCG	CTAGCGCATATTGAAATCTTTCGTCGATAAGTAATTGCCCAAATA	28
AATGCGGGC	AGCGCACAGACAGA	9
CTGCCCCCGACTGTCTGCGCCGCCAAATCACCCGAACACCTGGTGGAGA	AAAAGGCGAACTGGTGGTGCTTGGACGCAACGGTTCCGACTACTCTGCTGCG	28
TGATAGAAAAAACCATTAGCGGCCATGATGCTTTACCGCAGATCAGCGA	AGCGCACAGACAGATAAAAATTACAGAGTACACAACATCCATGAAACGC	28
TACACGACATCCATGAAACTCATCTAAGCACCACCATTACCACCACCATA	AACAGAGTACACGACATCCATGAAACTCATCTAAGCACCACCATTACCACCACCATA	7
ACAGACAGATAAAAATTACAGAGTACACA	GGCAAATGGAGAACGCTTCTCCGCGTCTTCCGC	19
GGCTGATCACATGGTGCTGATGGCAGGTTTCACCGCCG	CCGAACGTATTTTTGCCGAACTTTTGACGGGACTCGCCGCC	21
CGATCCGGTCGAAAAACTGCTGG	TCGAATCTACCGTCGATATTGCTGA	10
CACCATTACCACAGGTAACGGTGCGGGCTGACGCGTACAGGAAACACAG	ATATATACATGTCCTGCATGGCAGTAGTTTGTTGGGGCAGTGCCCGGGTCGATTCAAC	32
GCGAACTGGTGGTGCTTGGACGCAACGGTTCCGA	CTGGTGGCGATGATTGAAAAAACCATTAGCGGCCAGGAT	22
TTTCACTGCCGACATTAAAAAAGTCGGAACTGTGTGGTGCTTTGG	CCCGTATTACCGTAGACCCATTCCGGGTGAAGACATCGGCGCTGATGGCAGGT	31
AAATGTCG	GGTGGCGA	5
CACGACATCCATGAAACTCATCTAAGCACCACCATTA	GCACAGAGAGATAAAGATAACAGAGTACACGACATCCATGAAA	21
TTCTGGTAAGCAATGCCAGGCA	TTGCCCAAATAAAACATGTCCTGCAT	13
GCTGGCAGTGGGGCATTACCTCGAATCTAC	CATTACCTCGAATCTACCGTCGATATTGCTGAGTCCA	20
GTGCTTTGGACGCAACGGT	CAGCTTCTGAACTGGTTACCTGCCG	13
GCACAGAGAGATAAAGATAACAGAGTACACGACATCCATGAAACTCATCT	TGCTGCGGTGCTGGCTGCCTGTTTACGCGCCGATTAGCTGTGATTACTGACG	29
ATATATACATGTCCTGCATGGCAGTAG	CTGATAGCAGCTTCTGAACTGGTTACCTGCCGT	17
GCGTATTAGAAGCGCGCGGTCACA	AATATGTCTCTGTGTGTTAAAAAAAGAG	20
CGTACACCAAACACAGAAAAAAACCGGGT	TTCGACCAAAGGTAACGAGGTAACAACCATGCGAGT	16
CACTAAATACTTTAACCAATATAGGCATAGCGCACAGACAGA	CGGGCTGACGCGTACAGGAAACACAGAAAAAAGCCCGCACCTGA	24
ATCCATGAAACTCATCTAAG	TGGCAGTGGGGCATTACCTCGAATCTACC	15
AAGGTAACGGGTAACTACCATGCACGTTGAAGTCCGGCGTACATCA	CGGCGGTACATCAGTGGCAAATGCAGAACGTTTTCTGCGTGTTGCC	25
CCACCATAAACCAT	ATGCACGTTGAAGTCCGG	10
CC	AAC	2
AGCGATGCCGAACGTATTTTTGCCGAACTTTTGACGGGACTCGCC	GATAACAGAGTACACGACATCCATGAAACTCATCTAAGCACCACCATTACC	29
CGGCCATGATGCTTTACCGCAGATCAGCGATG	CTGTGTGTTAAAAAAAGAGTGTCTGGTAGCAGCTTCTGAAA	25
AATGTCGATCCCCAATTAATGCCGGCGTATTATGTTGCGAGTTG	ATCGGGGCGAGCAATGCGGGCTGTGGGTAGGACCTCGAATCTACCG	26
ATTGACTTCGTCACTAACTACTTTAACCAATATAGGCATAACGCACAG	GCCAAATCACCCGAACACCTGGTGGAGATGATAGAAAAAACCATTAGC	26
GGAATTTGCCCAAATAAAACATGTCCTG	ACTGACGGCAACGGGCAAATATGTCTCTGTGTGTT	21
TTCTTTTCG	CACCATAAACCATT	11
AAACCATTAGCG	GGGTACCCAGCTA	9
TACCATAGTTAA	CTGACGGCAACGG	10
TTTGACGGGACTCGCCGCCGCCCAGCCGGGGTT	GGGTCTGACAGTGCGGGGTTTTCTTTTCGACCAAAGGTAA	25
CGATGCG	TCCGGGTGAA	6
GTGACTAGCCTGCGCGCCCAGCCGGGGTACCCAGCTAGCGC	TTTTCGACCAAAGGTAACGGGTAACTACCATGCACGTTGAAG	26
ACGCTTCTCCGCGTCTTCCGCGATATTCTG	CGTATTACCGTAGACCCATTCCGGGTGAAGACAT	19
AATGCGGGCTGTGGGTAGGACCTCGAATCTACCGT	CGGATGCTCGCTACCTGTTCCCGCGCCTGAT	21
AT	GACATCGGC	7
TACCGCAGATCAGCGA	AAGGTAACGGGTAACTACCATGC	14
TGAAGTTCGGCGGTACATCAGTGGC	CAAATCACCCGAACACCTGGTGGAGAT	15
TCTGACTGCAACGGGCAATATGTCTCTGTGT	CGGTAATGAAAAAGGCGAACTGGTGGTGCTT	16
ACCATT	TGCCAGGCAGG	8
GGCGTATTATGTTGCGAGTTGTCA	TTTACCCAATATCAGCGATGCCGAAC	16
ACCTGCCGTGGGTAAATCTAAA	CGCATTAGCACCACCATTACCAC	16
GCAGGTTTCACTGCCGA	CCAATATCAGCGATGCCGAACGTA	12
AAATCTAAAATTTTTATTGACTTCGTCACTAACTACTTT	GGCTGACGCGTACAGGAAACACAGAAAAAAGCCCGCACC	29
CGCGATATT	GTGCTGGCTGCCTGTTTA	11
CAGATAAAA	GAAATGTTACC	7
TTTATTGACTT	AGTGTCTGATAGC	8
ATAGGCATAACGC	CAGGTAACGGTGCGGG	10
TGCGGGCTTTTT	TACACCAAACACAGAAA	14
AATTGCCCAAATATAT	ACCTGCCGTGAGTAAA	8
GAACCCTTGACGTGACTAGCCTG	AAGGTAACGGGTAACTACCATGCAC	14
AAAAACCGGGTCTGACAGTGCGGGGTTTT	GCGATGCCGCACCGATTCTTGCAGAACCCTT	19
AAACCATTAGCGGCCATGATGCTTT	ATGCCGGCGTATTATGTTGCGAGTTGT	15
TTTGCCCAAATAAAACATGTCCTGCATGGCATTAGTT	CTAAAATTTTTATTGACTTCGTCACTAACTACTTTAACC	24
CGGGTCTGACAGTGCGGGGTTTTCTTTTCGACC	CCTGGTGGCGATGATTGAAAAAACCATTAGCGG	22
TGCCCAAATATATAC	GAAAAACTGCTGGCAGTG	13
ACAATGCTGACTGCTATCGATCGGGGCGAGCAATGCGGGCTGTGGGT	CCAGCCGGGGTACCCAGCTAGCGCATATTGAAATCTTTCGTCGATAAGTA	29
CCGCCGCCCAGCCGGGGTTCCCGCTGGCGCAATTGAAAACTTTCG	TCGGGGCGAGCAATGCGGGCTGTGGGTAGGACCTCGAATCTACCGT	25
GCACCTGACAGTGCGGGCTTTTTTTTTCGACCAAAGGTAACGAGGT	CATGGTGCTGATGGCAGGTTTCACCGCCGGTAATGAAAAAGGCGAACTG	28
CGCCGATTAGCT	ATGCTCGCTACCTGTTCCC	11
GCCGTGG	GGTGAAGACATCGGCG	11
TTTTTTTTCGAC	ACATCAGTGGCA	9
ATATAGGCATAGCGCACAGACAGATAA	CCTGCATGGCATTAGTTTGTTGGGGCAGTGC	17
GCAAATGCAGAACG	GGTTCCGACTACTCTGCTG	12
TGCAT	GCCCAGCC	6
GGGCAATATGTCTCTGTGTGGATTAAAAAAAGAGTGTCTGATAGCA	TACATGTCCTGCATGGCAGTAGTTTGTTGGGGCAGTGCCCGGGTCGATTCAACGA	32
CGCATTAGCACCACCATTACCACCACCATCAC	AAGCGCGCGGTCACAACGTTACTGTTATCGATCCGG	20
ATG	GGAGATGATAG	8
CATTACCACAGGTAACGGT	GATGCTTTACCGCAGATCAGCGATG	11
TCCGCGTCTTCCGCGATATTCTGGTAAGCAATGCCAGG	ATCAGTGGCAAATGGAGAACGCTTCTCCGCGTCTTCCG	23
AACGGGCAAATATGTCTCTGTGTGTTAAAAAAAGAGTGT	CGCCAAAATCACCAACCACCTGGTGGCGATGATTGAAAA	25
A	AGACATCGG	8
GTTTGTTGGG	GGCAAATGCAGA	8
C	GGAT	4
ACAACGTTACTGT	AATGAAAAAGGCGAACTGGTGG	13
ATCTTTC	CAACGGTTCCGACTAC	10
CTGCATGGCATTAGTTTGTTGGGGCAGTG	TCCGGCTGATCACATGGTGCTGATGGCAGGTT	16
GTCCACCCCCCGTATTACCGTAGACCCA	CCGCCAAAATCACCAACCACCTGGTGGCGATGATT	22
AACGAGGTAACAA	GCTGGCGCAATTGAAAACTTTC	15
GTATTTTTGCCGAACTTTT	AAAAGCCCGCACCTGACAGT	14
CGGTTCCGACTACTCTGCTGCGGATGCTCGCTACCTGTTCCCGCGCCTG	CTGGTGGTGCTTGGACGCAACGGTTCCGACTACTCTGCTGCGGTGCTGGCTG	24
TGGACGCAACGGTTCCG	TATGTCTCTGTGTGTTAAAAAAAG	15
CGAATCTACCGTCGCAATTACTGAGTCCACCCCCCGTATTA	TGATTGAAAAAACCATTAGCGGCCAGGATGCTTTACCCAATATCAGCGA	28
TGTGGATTAAAAAAAGAGTGTCTGATAGCAGC	CAGTGCCCGGATAGCATCAACGCTGCGCTGATTTGC	20
A	GAAATGTTAC	9
ACCGATTCTTGCAGAAC	TAGGTCACTAAATACTTTAACCAA	14
TCCGCGATATTCTGGTAAGCAATGCCA	AGAAAATGTCGATCCCCAATTAATGCCGGCG	19
CCTTGACGTGACTAGCCTGCGCGCCCAGCCGGGGTA	AAAAGGCGAACTGGTGGTGCTTGGACGCAACGGTTCC	22
CCCGCACCTGACAGTGCGGGCTTTTTTTTTCGACCAAAGGTAACGAGG	GCTGCGGATGCTCGCTACCTGTTCCCGCGCCTGAT	28
GATCGCCATTATGGCCGGCGTATTAGA	ATGCCGAACGTATTTTTGCCGAACTTTTGACGG	16
ATGCGCCGCTTGCCGTGGTTAGAAAATGTCGATCCCCAATTA	GAACTTTTGACGGGACTCGCCGCCGCCCAGCCGGGGTTCCCGCTGG	29
TGCATGGCATTAGTTTGTTGGGGCAGTGCCCG	CAAATGGAGAACGCTTCTCCGCGTCTTCCGCGATATTCTG	23
GAAGTCCGGCGTACAT	TTTTTTTCGACCAAAGGTA	13
ATATTCTGG	GGGTAACTACCA	9
TACAGAGTACACAACA	CAAAGGTAACGAGGTAACAACCAT	12
TTTGCCCAAAT	GTTGGGGCAGTGCCCGGGTC	12
TGTTCCCGCGCCTGAT	GAGTTGTCACAATGCTG	10
GTGCGGGCTGTCGCGTACACCAAACACAGAAAAAAAC	CAATATAGGCATAGCGCACAGACAGATAAAAATTACAG	19
GCAGATCAGCG	AAAGGTAACGAGGTA	9
CATGAAACGCATTAGCACCACCATTACCACCACCATCACCATTACCA	CGGTGCGGGCTGACGCGTACAGGAAACACAGAAAAAAGCCCGCACCTGACAGTGC	31
CGGCGCTGATGGCAGGTTTCACTGCCGACATTAAAAAAGTCG	CCAATATCAGCGATGCCGAACGTATTTTTGCCGAACTTTTGACGGGAC	25
GGGGCAGTGCCCGGATAGCATC	ATAGCAGCTTCTGAACTGGTTACCTG	14
GTCTTCCGCG	CAGTGCGGGCTT	8
ATAAGTAATTGCCCA	TCAACGATGCGCCGCTTGC	12
GTTAAAAAAAGAGTGTCTGGTAGCAGCTTCTGAAAT	TGAAAAAGGCGAACTGGTGGTGCTTGGACGCAACGGTTCCG	22
CGATTCTTGCAGAACCCTTGACGTGACTAGCCTGCGCG	ATGATGCTTTACCGCAGATCAGCGATGCCGCACCGATTC	23
ACGCTGCGCTGATTTGCCGTGGCGAGAAAATGTCGATCGCCA	TCCGCGATATTCTGGTAAGCAATGCCAGGCAGGGGCGGCTGCCCCCGA	25
TGATTTGCCGTGGCGAG	ACTGCTATCGATCGGGGCG	10
GTCTCTGTGTGTTAAAAAAAGAGTGTCTGGTAGC	ATATACATGTCCTGCATGGCAGTAGTTTGTTGGGGCAGTG	21
ACTACTTTAACCAATATAGGCATAACGCA	CCCCCGTATTACCGTAGACCCATTCCGGG	15
CGCCGCCGCCCAGCCGGGGTTCCCGCTGGCGCAATTGAAAACTTTC	CGGGGTTTTCTTTTCGACCAAAGGTAACGGGTAACTACCATGCACGTTG	30
TCGCAATTACTGAGTCCACCCCCCGTATTACCGTAGACCCATTCCGG	ATAGGCATAGCGCACAGACAGATAAAAATTACAGAGTACACAACATCCATG	28
TTACTGAGTCCACCCCCCGTATTACCGTAG	ACCATTACCATAGTTAAGCGGTGCGGGCTGT	22
CTGCAACGGG	GCCGATATTCTGGAAAG	10
TACCCAATATCAGCGATGCCGAACGTATTTTTGCCGAACTTT	AGCAATGCCAGGCAGGGGCGGCTGCCCCCGACTGTCTGCGCCGCCAAATC	27
AACTT	CCGCCAA	6
AACGGTTCCGACTACTCTGCTGCGGATGCTCGCTACCTGTT	CAGAGTACACAACATCCATGAAACGCATTAGCACCACCATTACC	24
GGTAAGCAATGCCAGGCAGGGGCGGCTGCCCCCGACTGT	GAAAAAACCATTAGCGGCCAGGATGCTTTACCCAATATC	21
TT	AAAAA	5
GTAACGAGGTAA	TACTTTAACCAATATAGGC	12
TCTCT	GCTTCTCCGCGTC	8
CAGTAGT	TGCGGGCTGT	6
ATTACTGACGGCAACGGGCAAATA	GCGAGTTGTCACAATGCTGACTGCTATCG	18
GTGACTAGCCTGCGCGCCCAGCCGGGGT	AAAAAGCCCGCACCTGACAGTGCGGGCTT	15
CGCGCGGTCACAACGTTACTGTTATCGATCCGGTCGAA	ACGTTGAAGTCCGGCGTACATCAGTGGCAAATGGAGAACGCTTCTCC	26
AGTGTTGAAGTTCGGCGGTAC	TGCGGGCTGTGGGTAGGACCTCGAAT	15
GCT	TTATCGA	6
GATGCCGAACGTATTTTTGCCGAACT	CAGCTTCTGAAATGTTACCTGCCGTGG	15
ACCATCACCATTACCACAGGTAACGGTGCGGGC	AGAAAATGTCGATCGCCATTATGGCCGGCGTATTAGA	22
CTGTTATCGATCCGGTCGAA	CCAGGCAGGGGCGGCTGCCCCCG	16
AATTACTGAGTCCACCCCCCGTATTACCGTAGACCCATTCCGGGTG	TTCGTCGATCAGGAATTTGCCCAAATAAAACATGTCCTGCATGGCATTAGT	31
TGAGTAAAT	AAAAATTACAGAGTA	9
GATGATTG	GCCGCTTGCCGTGGTTA	12
TTTTTTTCGACCAAAGGTAACGAGGTAACAACCA	ACCGATTCTTGCAGAACCCTTGACGTGACTAGCCT	20
GTCTGACAGTGCGGGGTTTTCTTTTCGACCAAAGGTAACGGGTAA	CGAGTGTTGAAGTTCGGCGGTACATCAGTGGCAAATGCAGAACGTTT	25
CA	TGC	3
GACTAGCCTGCGCGCC	GAACTGTGTGGTGCTTTGGA	11
TCACCATTACCACAGGTA	CGGATGCTCGCTACCTGTTC	13
AACCACCTGGTGGCGATGATTGA	AACGCATTAGCACCACCATTACCACCA	16
CTCTGTGTGTTAAAAAAAGAGTGTCTGGTAGCAGCT	ACCATTACCACCACCATAAACCATTACCATAGTTAAGCGGTG	25
CCCAGCTA	CATCTAAGCACCA	7
TGCATGGCAGTAGTTTGTTGGGGCAGT	TGGCAAATGCAGAACGTTTTCTGCGTGT	12
TA	GG	2
ATGCGCCGC	CATGATGCTT	6
GGTAACAACCATGCGAGTGTTGAAG	GATCGGGGCGAGCAATGCGGGCTGTGGG	14
GAAACACAGAAAAAAGCCCGCACCTGACAGTGCGG	ATACTTTAACCAATATAGGCATAGCGCACAGACAGAT	22
TCTCTGCCCCCGCCAAAATCACCAACCACCTG	CACCACCATTACCACCACCATAAACCATTACCATAGTTA	20
GACTGCTATCGATCGGGGCGAGCAATGCGGGCTGT	AGTTGTCACAATGCTGACTGCTATCGATCGGGGCGAGCAA	22
GCGGGCTGTGGGTAGGACCTCGAATCTACCGTCGCAAT	CCCCAATTAATGCCGGCGTATTATGTTGCGAGTTGTCA	25
GAGTACACGACA	TCCGACTACTCTGCT	8
TTGAAATCTTTCGTCGATAAGTAATTGCCCAAATATATACAT	TGCTGGCTGCCTGTTTACGCGCCGATTAGCTGTGATTACTGACGGCAACGG	29
CCACCATTACCACCACCATAAACCATTACCATAGTTAAGCGGTGCG	TCAGTGGCAAATGGAGAACGCTTCTCCGCGTCTTCCGCGATATTCTG	29
G	AGCG	3
TGAAGACATCGGCGCTGAT	CATCACCATTACCACAGGTAACGGTG	16
ACCCGCCGTATTGCGGCAAGCCGCATTCCGGCTGATCACATGGTG	GCAGAACCCTTGACGTGACTAGCCTGCGCGCCCAGCCGGGGTACCCA	28
AACGGTGC	TGCAGAACGTTTTC	8
AAATGCAGAACGTTTTCTGCGTGTTGCCGATATTC	CATCCATGAAACTCATCTAAGCACCACCATTACCACCACCAT	25
CTGCGCG	TTACAGAGTA	6
TGCCGAACTTTTGACGGGACTCGC	GGTGCGGGCTGACGCGTACAGGAAA	15
TGCTGAGTCCAC	GTCTCTGTGTGGATTAAAAAA	14
AGAG	GCAGT	3
AGTGCCCGGGTCGATTCAACGATGCGC	AACGTTTTCTGCGTGTTGCCGATATTCTGGAAAG	20
CAG	CATTAC	4
CCGTGGTTAGAAAATGTCGATCCCCA	CGTCGATCAGGAATTTGCCCAAATAAA	14
ATCGGGGCGAGCAATGCGGGC	GAACTGTGTGGTGCTTTGGACGCAACGG	16
TTAGCTGTGATTACTGACGGCAACGGGCAAATATGT	GTACATCAGTGGCAAATGGAGAACGCTTCTCCGCGTCTTCCG	26
GGGCAGGTGGCC	CCGCCGCCCAGCCGGGGTTCC	11
CAGATCAGCGATGCCGCACCGATTCTTGCA	AGACATCGGCGCTGATGGCAGGTTTCACTGC	14
GGGCATTACCTCGAAT	GCAAATGGAGAACGCTTCT	12
AGTGCGGGGTTTTCTTTTCGACCAAAGGTAACGGGTAACTACCA	TGCCGTGGTTAGAAAATGTCGATCCCCAATTAATGCCGGCGTATTATG	25
ACTGCTATCGATCGGGGCG	TAGCGGCCATGATGCTTTACCGCAGA	14
AGCAATGCCAGGCAGGGGCGGCTGCCCCCGACTGTCTGCGCCGCCAAATC	GCCGCTTGCCGTGGTTAGAAAATGTCGATCCCCAATTAATGCCGGCGTATTATGTTGC	33
TCCGGGTGAAGACATCGGCGCTGATGGCAGGT	TCTACCGTCGATATTGCTGAGTCCACCCGCCGTATTG	23
TGCCCAAATATATACAT	AGTTGTCACAATGCTGACTGC	13
TCGCAATTACTGAGTCC	CGAGTGTTGAAGTTCGGCGGTA	14
AGGCAGGG	TGTGTTAAAAAAAG	10
GCCAGGCAGGGGCGGCTGCCCCCGACTGTCTGCGCCGCCAAATCACCCG	CGGGCTGTCGCGTACACCAAACACAGAAAAAAACCGGGTCTGACAGTGCG	31
TGTTGCCGATATTCTGGAAAGCAATGCCAGGCAGGGGCAGGT	CGTCACTAACTACTTTAACCAATATAGGCATAACGCACAGAGAGATAAAG	28
TTACCGCAGATCAGCGAT	TGACGCGTACAGGAAACACAGA	10
CAGGTTTCACTGCCGACATTAAAAAAGTCGGAACTGTGTGGTGC	CGGGCAATATGTCTCTGTGTGGATTAAAAAAAGAGTGTCTGATAGCAG	23
TTCGACCAAAGGTAACGGGTAACTACCATGCACGTTGAAGTCCGGC	AAATATATACATGTCCTGCATGGCAGTAGTTTGTTGGGGCAGTGCC	29
AA	CTGTT	5
CA	CGTACA	4
AGCCTGCGCGCCCAGCCGGGGTACC	ACAGATAAAAATTACAGAGTACACAACATC	22
CAGTG	TCACAT	4
TTT	GCGCGCGG	8
ACGCACAGAGA	CCAGCTAGCGCATATTG	10
CACCATTACCACAGGTAACGGT	ACCAACCACCTGGTGGCGATGATTGAA	14
GACGTGACTAGCCTGCGCGCCCAGCCGGGGTACCCAGCTAGCGCAT	AAATATGTCTCTGTGTGTTAAAAAAAGAGTGTCTGGTAGCAGCTTCTGAAATG	31
ATTCTGACTGCAACGGGCAATATGTCTCTGTGTGGATTAAAAAAAGA	ATGTCCTGCATGGCATTAGTTTGTTGGGGCAGTGCCCGGATAGCATCAACGCTGCG	31
TGTCTGGTAGCAGCTTCT	TTCCGACTACTCTGCTGCGGATGC	13
ATTACCTCGAATCTACCGTCGATATTGCTGAGTCCAC	CAGCTAGCGCATATTGAAATCTTTCGTCGATAAGTAATTGCCCAA	20
GAAAATGTCGATCGCCATTATGGCCGGCGTATTAGAA	GCGATGCCGAACGTATTTTTGCCGAACTTTTGACGGGACTCGCCGC	25
TACCACAGGTAACGGTGCGGGCTGACGCGTACAGGAAACACAGAAAA	CTGTGATTACTGACGGCAACGGGCAAATATGTCTCTGTGTGTTAAAAAAAGAGTGT	30
CTCGCTACC	CGGGTCGATTCA	6
GGTGAAGACATCGGCGCTGATGGCAGGTTTCACTGCCG	ATGGCATTAGTTTGTTGGGGCAGTGCCCGGATAGCATC	23
ACCACCACCATCACCATTACCACAGGTA	TGGTGGTGCTTGGACGCAACGGTTCCGACTACTCTG	23
GAAGACATCGGCGCTGATGGCAGGTTTCACTGCCGACATTA	TTTACGCGCCGATTAGCTGTGATTACTGACGGCAACGGGCAAATATGT	27
TGATCACAT	AACGAGGTAACA	7
GATTAAAAAA	TTCACTGCCGACATT	11
TTACCTGCCGTGAGTAAATTAAAA	CGCTGCGCTGATTTGCCGTGGCGAGAAA	16
TTTTGCCGAACTTTTGACGG	ATAGGCATAGCGCACAGACAGA	13
CTGCAACG	GGTCGAAAA	6
CGCCGCCC	TGCTGGCT	4
GTCACAACGTTACTGTTATCGATCCGGTCGAAAAACTGCTGGC	TCACCAACCACCTGGTGGCGATGATTGAAAAAACCATTAGCGGCC	20
CAAATATATACATGTC	CTGTTATCGATCCGGTCGAAA	12
GTGGCAAATGCAGAACGTTTTCTGCGTGTTGCCGA	TGATTGAAAAAACCATTAGCGGCCAGGATGCTTTACCC	22
GCTTGCCGTGGTTAGAAAATGTCGATCCCCAATT	ATGTCGATCGCCATTATGGCCGGCGTATTAGAAGCGCGCGGT	25
CTTGCAGAACCCTTGACGTGACTAGCCTG	ACTTTCGTCGATCAGGAATTTGCCCAAATAAAA	22
GAAACGCATTAGCACCACCATTACCACCA	CACCGATTCTTGCAGAACCCTTGACGTGACT	16
AACCCTTGACGTGACTAGCCTGCG	TCTTGCAGAACCCTTGACGTGACTAGCCTGCGC	9
GTATTAGAAGCGCGCGGTCACAA	CCATGATGCTTTACCGCAGATCAGCGATGCC	18
GCGAGTTGTCACAATGCTGACTGCTATCGATCGGGGCGAGCAA	GAAAAAAGCCCGCACCTGACAGTGCGGGCTTTTTTTTTCGACCA	26
CCAACCACCTGGTGGC	TACTTTAACCAATATAGGCATAG	13
TTTTCGACCAAAGGTAACGGGTAA	AACATGTCCTGCATGGCATTAGTTTGTTGG	20
C	AACTGGTGG	8
TGGTGCTGATGGCAGGTTTCACCGCCGGTAATGAAA	CCCCAATTAATGCCGGCGTATTATGTTGCGAGTTGTCAC	24
AACTCATCTAAGCACCACCATTACCACCACCATAAACCATTACCATAG	GGCCATGATGCTTTACCGCAGATCAGCGATGCCGCACCGATTCTTGCAGAACCCTTG	29
T	AAAAAA	6
A	TTACTGT	6
AATGCCAGGCAGGGGCAGGTGGCCACCGTCCTCTCTGCCCCCGCCAAAA	GCCGATATTCTGGAAAGCAATGCCAGGCAGGGGCAGGTGGCCACCGTCCTCT	31
ATATTGCTGAGTCCACCCGCCGTATTGCGGCAAGCCGCAT	TCGCCGCCGCCCAGCCGGGGTTCCCGCTGGCGCAATTGAAAACTTTC	27
ACGGTTCCGACTACTCTGCTGCGGATGCTCGCTACCTGT	TACCGCAGATCAGCGATGCCGCACCGATTCTTGCAGAACCCTT	21
AAAAAAGAGTGTCTGATAGC	GCTGTCGCGTACACCAAACACAGAAAA	20
TGCCGAACTTTTGA	ACGACATCCATGAAACTCAT	13
CGCCGCTTGCCGT	CGTGGCGAGAAAATGT	9
GTTGGGGCAGTGCC	GTTACTGTTATCGATCCGG	11
CCAATTAATGCCGGCGTATTAT	ACGTTGAAGTCCGGCGTACATCAGTGGCAA	15
CGCATATTGAAATCTTTCGTCGATAAGTA	CCGCCCAGCCGGGGTTCCCGCTGGCGCAAT	19
GCTTTTTTTTTCGACCAAAGGTAACGAGGTAACAACCATGCGAGTGTT	AAATTTTATTGACTTAGGTCACTAAATACTTTAACCAATATAGGCATAGCG	27
GCGCTGATGGCAGGTTTCACTGCCGA	CCCAGCTAGCGCATATTGAAATCTTTCGTCG	17
ACTAACTACTTTAACCAATATAGGCATAACGCACAGAGAGATAAAGA	TTACAGAGTACACAACATCCATGAAACGCATTAGCACCACCATTACCACCACCA	27
ATTACCACA	TCCATGAAACG	7
GTGGTTAGAAAATGTCGATCCCCAATTAATGCCGGCGTATT	CACCATCACCATTACCACAGGTAACGGTGCGGGCTGACGCGTA	27
TCTAAAATTTTTATTGACTTCGTCACTAACTACTTTAACCAATA	TATTGACTTAGGTCACTAAATACTTTAACCAATATAGGCATAGCGCACAGAC	27
GTGA	ACGGGTAACTAC	9
GTA	AAAAGAGTGTCT	10
ATGCCAGGCAGGGGCAGGTGGCCACCGTCCTCTCTGCCCCCGCCAAAATC	GGCGGCTGCCCCCGACTGTCTGCGCCGCCAAATCACCCGAACACCTGGTGGAGATG	32
GCGCAATTGAAAACTTTCGTCGA	GAGTGTCTGGTAGCAGCTTCTGAA	14
GCGATGATTGAAAAAACCATTAGCGGCCAGGATGCTTTACCCAATATCA	TAGCGCACAGACAGATAAAAATTACAGAGTACACAACATCCATGAAACGCAT	27
ATGCAGAACGTTTTCTGC	GAAAAAACCATTAGCGGCCAGGA	15
GGTACATCAGTGGCAAATGCAGAACGTTTTCTGCGTG	CTAACTACTTTAACCAATATAGGCATAACGCACAGAGAGA	22
TAT	TGTTCCCGCGCC	10
ACCAAACACAGAAAAAAACC	CTGCATGGCATTAGTTTGTTGGGGCAG	20
CGGGCTGTCGCGTACACCAAACACAGAAAAAAACCGGGTCTGACAG	CCGTCGCAATTACTGAGTCCACCCCCCGTATTACCGTAGACCCATTCCGGG	29
ACATGTCCTGCATGGCAGTAGTTTGTTGGGGCAGTGCCCGGG	GAAACACAGAAAAAAGCCCGCACCTGACAGTGCGGGCTTTTTTTTTCG	31
AGTTTGTTGGGGCAGTGCCCGGATAGCATCAACGCTGCGCTGATTTGCCG	CACCCGAACACCTGGTGGAGATGATAGAAAAAACCATTAGCGGCCATGATGCTTT	32
TAAGCGGTGCGGGCTGTCGCGTACACCAAACACAGA	CTGACAGTGCGGGGTTTTCTTTTCGACCAAAGGTAACGGGT	19
TAGCGCATATTGAAATCTTTCGTCGATAAGTA	CCCAATTAATGCCGGCGTATTATGTTGCGAGTTGTCA	21
TTAGAAAATGTCGATCCCCAATTAATGCCGG	CGATCCGGTCGAAAAACTGCTGGCAGTGGGGCATTACC	24
TTCGACCAAAGGTAACGAGGTA	TTACCTGCCGTGAGTAAATTAAAATTTT	16
GAGGTAACAACCATGCGAGTGTTGAAGTTCGGCGGTACATC	AAGCGGTGCGGGCTGTCGCGTACACCAAACACAGAAAAAAACCGGGT	30
CGCCGCCCAGCCGGGGTTCCCGCTGGCG	CCCGCCAAAATCACCAACCACCTGGTGGC	15
CAAAGGTAACGGGTAACTACCATGCACGTTGAAGTC	TTATGGCCGGCGTATTAGAAGCGCGCGGTCACAACG	20
TTAGTTTGTTGGGGCAGTGC	GACAGATAAAAATTACAGAGTACACAACA	19
ACACAGAAAAAAGCCCGCACCTGAC	TGACAGTGCGGGGTTTTCTTTTCGACCA	18
TGATTACTGACGGCAACGGGCA	AATCTACCGTCGATATTGCTGAGTCCACCC	17
TTACAGAGTACACAACATCCATGAAACGCATTAGCACCACCATT	ACATGTCCTGCATGGCATTAGTTTGTTGGGGCAGTGCCCGGATAG	28
TTG	TGAGTCCACC	8
CTTTACCCAATATCAGCGATGCCGAACGTATTT	CAGCTTCTGAACTGGTTACCTGCCGTGAGTAAATTAA	20
TGTGGATTAAAAAAAGAGTGTCTGATAGCAGCTTCTGAACTGGTTACCTG	AGCACCACCATTACCACCACCATCACCATTACCACAGGTAACGGTGCGGGC	32
AAATATATACATGTCCTGCATGGCAGTAGTTTG	GCAGGTTTCACCGCCGGTAATGAAAAAGGCGAACTGGTGGT	24
CTGATTTGCCG	GCAGAACGTTTTCTGCGTGT	11
GGATAGCATCAACGCTGCG	AAGCGCGCGGTCACAACGTTACTG	12
ACCGTCCTCTCTGCCCCCGCCAAAATCACCAACCACCTGG	CAGGAAACACAGAAAAAAGCCCGCACCTGACAGTGCGGGCT	28
CGGGCTTTTTTTTTCGACCAAAGGTAACGAGGTA	TGCGCTGATTTGCCGTGGCGAGAAAATGTCGATC	18
CCTGACAGTGCGGGCTTTTTTTT	GGCAGGGGCGGCTGCCCCCGACTGTCT	16
AACGTTACTGTTATCGATCCGGTCGA	CGCAACGGTTCCGACTACTCTGCTGCGGA	14
GTTGAAGTCC	GTGGGGCATTACCTC	8
GCGAGAAAATGTCGATCGCCATTATGGCCGGCGTATTAGAAG	TACATCAGTGGCAAATGGAGAACGCTTCTCCGCGTCTTCCGCGATA	25
GCCCAAATATATACATGTCCTGCATGGCAGTAG	GACTTAGGTCACTAAATACTTTAACCAATATAGGCATA	19
ATGTCGATCGCCATTATGGCCGGCGT	CGCCGTATTGCGGCAAGCCGCATTCCG	17
CGT	GTGGCGATGAT	8
TTTTCGACCAAAGGTAACGAGGTAACAACCATGC	GATGCTTTACCGCAGATCAGCGATGCCGCACCGAT	19
AG	CCAA	3
TCTGCGCCGCCAAATCACCCGAACACCTGGTGG	CCGGCGTACATCAGTGGCAAATGGAGAACGCTTCTCCGC	22
CGTGACTAGCCTGCGCGCCCAGCCGGG	GTAATTGCCCAAATATATACATGTCCTGC	18
ATACATGTCCTGCATGGCAGTAGTTTGTTGGGGCAGTGCCC	TGCGGATGCTCGCTACCTGTTCCCGCGCCTGAT	23
GAAAAAGGCGAACTGGTGGTGCTTGGACGCAACGGTTCC	GCGCTGATTTGCCGTGGCGAGAAAATGTCGATCGCCATT	26
GTCCACCCCCCGTATTACCGTAGACCCATTCCGGGTG	AAATGCAGAACGTTTTCTGCGTGTTGCCGATATTCTGGAAAGCA	26
AACCATT	TTTTTATTGA	7
CTG	GCAAGCCGCAT	9
GGCTGATCACATGGTGCTGATGGCAGGTTTCACC	AACGTTACTGTTATCGATCCGGTCGAAAAACTGCTGGC	23
GTGATTACTGACGGCAACGGGCAAATATGTCTCTGTGTGTTAAAAAAAGA	TGGCAGGTTTCACTGCCGACATTAAAAAAGTCGGAACTGTGTGGTGCTTTGGACG	30
ATGTCTCTGTGTGGATTAAAAAAAGAGTGTCTGATAG	CGACCAAAGGTAACGGGTAACTACCATGCACGTTGAA	24
TTGCCCAAATAAAACATGTCCTGCATGGCA	GGGTCGATTCAACGATGCGCCGCTTGCCGTG	17
AAATTACAGAGTACACAACATCCATGAAACGCAT	TTAAAATTTTATTGACTTAGGTCACTAAATACTTTAA	21
GGCATAACGCACAGAGAGATAAAGATAACAGAGTACACGACATCC	CTTCTGAAATGTTACCTGCCGTGGGTAAATCTAAAATTTTTATTGACTTC	28
TGCTGATGGCAGGTTTCAC	GTACAGGAAACACAGAAAAAA	14
TGCGAGTGTTGAAGTTCGGCGGTACATCA	TCCCGCGCCTGAT	20
TTTGTTGGGGCAG	ATAACGCACAGAGA	11
CTTCCGCGATATTCTGGTAAGCAATGCCAGGCAGGGGCGGCTGCC	CCGTCGATATTGCTGAGTCCACCCGCCGTATTGCGGCAAGCCGCATTCCGGCTG	26
GGCAGTGCCCGGATAGCATCAACGCTGCGCTGATTTGCCGTGGCGA	TCGGAACTGTGTGGTGCTTTGGACGCAACGGTTCCGACTACTCTGCTGCGGAT	27
TTAACCAATATAGGCATAACGCACAGAGAGATAAAGA	CAATGCCAGGCAGGGGCAGGTGGCCACCGTCCTCTCTGCC	25
GGTAACTACCATGCACGTTGAAGTCCGGCGTACA	TTCCGACTACTCTGCTGCGGATGCTCGCTACCTG	19
TCTGTGTGTTAAAAAAAGAGTG	TCTGGAAAGCAATGCCAGGCAGGGGCAG	17
GCAGCTTCTGAAATGTTACCTGCCGTGGGTAAATCTAAAATTTTT	CTGTTATCGATCCGGTCGAAAAACTGCTGGCAGTGGGGCATTACCTCGAATC	29
AACGCTTCTCCGCGTCTTCCGCGATATTCTGGTAAGCAATGCCAGGCA	CCCGCCAAAATCACCAACCACCTGGTGGCGATGATTGAAAAAACCATTA	29
CTGCCTGTTTACGCGCCGATTAGCTGTGATTACTGACGGCAA	GGCAGGTTTCACTGCCGACATTAAAAAAGTCGGAACTGTGTGGT	24
TCTGACAGTGCGGGGTTTTCTTTTCGACCAAAG	GCTGTCGCGTACACCAAACACAGAAAAAAACCGGGTCTGACA	30
ATTATGGCCGG	CGGGACTCGCCGCC	8
TCTG	ATTTT	3
GCCCAGCCGGGGTTCC	GGCGTACATCAGTGGCAAATG	13
GGCTGTCGCGTACACCAAACACAGAAAAAAACCGGGTCT	AACTTTCGTCGATCAGGAATTTGCCCAAATAAAACATGTCCTGCATG	23
CCGTAGACCCATTCCGGGTGAAGACAT	GGCCACCGTCCTCTCTGCCCCCGCCAA	18
TGCT	AGCGA	3
GCGGCCATGATGCTTTACCGCAGATCAGC	GACTGTCTGCGCCGCCAAATCACCCGAACAC	17
TAAAATTTTATTGACTTAGGTCACTAAATACTTTAACCAATATAGGC	TTTTCGACCAAAGGTAACGGGTAACTACCATGCACGTTGAAGTCCGGCGTACA	31
ATGAAAAAGGCGAACTGGTG	AGCAATGCCAGGCAGGGGCGGCTGCCC	15
AGAGTGTCTGATAGCAGCTTCTGAACTGGT	TCGCAATTACTGAGTCCACCCCCCGTATTACCGT	18
CTCGAATCTACCGTCGATATTGCTGA	AAAAGCCCGCACCTGACAGTGCGGGCT	17
ACTAAATACTTTAACCAATATAGGCATAGCGCACAGACAGATAAAAAT	TCGTCACTAACTACTTTAACCAATATAGGCATAACGCACAGAGAGATA	13
GTCACAATGCTGACTGCTAT	AACAGAGTACACGACATCCATGA	12
CCGGGTGAAGACATCGGCGCTGATGGCA	TTTCGACCAAAGGTAACGAGGTAACAACC	18
CTCT	TTACCTCGAATC	8
ATTATGTTGCGAGTTGTCACAATGCTGACT	TTTTATTGACTTCGTCACTAACTACTTTAA	14
TGCTTTGGAC	CGGCGTACATC	7
ATATACATGTCCTGCATGGCAGTAGTTTGTTGGGGCAGTGCCCGGGTC	GTGTGGATTAAAAAAAGAGTGTCTGATAGCAGCTTCTGAACTGGTTACCT	29
ATCGGCGCTGATGGCA	CTGAGTCCACCCCCCGTATTAC	14
TAGGTCACTAAATACTTTAACCAATATAGGCATAGCGCACAGACA	GGCGTACATCAGTGGCAAATGGAGAACGCTTCTCCGCGTCTTCCGCG	28
ACCAAACACAGAAAAAAACCGGGTCTGACAGTGCGGGGTTTTCTTTT	ACCACAGGTAACGGTGCGGGCTGACGCGTACAGGAAACACAGAAAAAAGC	30
GTTGAAGTCCGGCGTACATCA	AGGTAACAACCATGCGAGTGTTG	14
TTCTGAACTGGTTACCTGCCGTGAGTAAATTAAAATTTTATTGACTTA	TAAATACTTTAACCAATATAGGCATAGCGCACAGACAGATAAAAATTACAGAGTA	28
AAAAAAACCGGGTCTGACAGTGCGGGGTTTTCTTTTCG	CCCAGCCGGGGTTCCCGCTGGCGCAATTGAAAACTTTCGTC	24
CCCAATATCAGCGATGCCGAACGTAT	TCTGCTGCGGATGCTCGCTACCTGTTC	15
GGTC	CGTC	1
CCAGGCAGGGGCGGCTGCCCCCGACTGTCTGCGCCGCCAAATCACCCGAA	GGGCTGACGCGTACAGGAAACACAGAAAAAAGCCCGCACCTGACAGTGCGGGCTTTT	35
ATGTCG	TTGCGGCAA	6
GCCACCGTCCTCTCTGCCCCCGCCAAAAT	CATGCGAGTGTTGAAGTTCGGCGGTACATCAGTGG	23
GGCGGCTGCCCCCGACTGTCTGCGCCGCCAAATCACCCG	GGGGCATTACCTCGAATCTACCGTCGATATTGCTGAGTC	21
CAGAACCCTTGACGTGACTAG	TACCATAGTTAAGCGGTGCGG	12
CTAAGC	CAGAGAGATAAAGAT	10
GATCCCCAATTAATGCCGGC	CTGAAATGTTACCTGCCGTGGG	13
TGCATGGCAGTAGTTTGTTGGGGC	GGCTGCCCCCGACTGTCTGCGCCGCCAA	16
GAAGTCCGGCGTACATCAGTGGCAAATGGAGAACGCTTCTC	CAATGCCAGGCAGGGGCGGCTGCCCCCGACTGTCTGCGCCGCCAAATCAC	28
GCG	TTGCGAGTTGTC	9
GTGGCAAATGGAGAACGCTTCTCCGCGTCTTCCGCGATATTCTGGTAAG	CGGGCTGTGGGTAGGACCTCGAATCTACCGTCGCAATTACTGAGTCCAC	23
GGGGCAGTGCCCGGGTCGATTCAACGATGCGCCGCTTG	CGATGCCGAACGTATTTTTGCCGAACTTTTGACGGGAC	25
GCGTGTTGC	CTGCATGGCAGTAGTTTG	11
GCCCGGATAGCATCAACGCTG	TTTTCGACCAAAGGTAACGAGGT	14
CCGTCGATATTGCTGAGTCCACCCGCCGTATTGCGGCAAGCCGC	CATCAACGCTGCGCTGATTTGCCGTGGCGAGAAAATGTCGATCGCCATT	28
TCTCTGTGTGGATTAAAAAAAGAGTGTCT	CGTGGTTAGAAAATGTCGATCCCCAATTAATGCCGG	22
AATTTTTATTGACTTCGTCACTAACTACTTTAACCAAT	TTCCGCGATATTCTGGTAAGCAATGCCAGGCAGGGGCGGCTGCC	31
GTGCTGATGGCAGGTTTCACCGCCGGTAATGAAAAA	ATCAGGAATTTGCCCAAATAAAACATGTCCTGCATGGCATTA	24
CCGCCCAGCCGGGGTTCCCGCTGGCGCAATTGAAAACTT	CAGTAGTTTGTTGGGGCAGTGCCCGGGTCGATTCAACGATGCGCCG	27
TGGAAAGCAATGCCAGGCAGGGGCAGGT	ACAGAAAAAAGCCCGCACCTGACAGTGCGGGCTTTT	19
CCATAAACCATTACCATAGTTAAGCGGTGC	GGCAGTGCCCGGATAGCATCAACGCTGCGCT	18
CGCCAAAATCACCAACCACC	CCGACATTAAAAAAGTCGGAACTGTGTGG	17
AATCACCCGAACACCTGGTGGAGATGATA	CAGCGATGCCGAACGTATTTTTGCCGAAC	17
GCGCGCGGTCACAACGTTACTGTTATCGATCCGGTCG	TCGAAAAACTGCTGGCAGTGGGGCATTACCTCGAATCTACCGTCGA	24
CCAAAATCACCAACCACC	TGATAGAAAAAACCATTAGCGGCCATG	15
TCCATGAAACGCATTAGCACCACCATTACCACCACCATCACCATTACCA	CCCAAATAAAACATGTCCTGCATGGCATTAGTTTGTTGGGGCAGTGCCCGGATAGC	32
GACAGTGCGGGCTTTTTTTTTCGACCAAAGGTAACGAGGTAACAACCA	GAGAAAATGTCGATCGCCATTATGGCCGGCGTATTAGAAGCGCGCGGT	31
AGCCGGGGTTCCCGCTGGCGCA	CCCCGTATTACCGTAGACCCATTCCGGG	17
AGACATCGGCGCTGATGGCAGGTTTCACTGCCGACATT	ATGTCGATCGCCATTATGGCCGGCGTATTAGAAGCGCGCGGT	19
AGGAATTTGCCCAAATAAAACATGTCCTGCATGGCATT	CGCAGATCAGCGATGCCGCACCGATTCTTGCAGAACCCTTGACGTG	27
CCGGGTCT	GTGGTGCTTT	5
GTTGGGGCAGTGCCCGGGTCGATT	CGATCGGGGCGAGCAATGCGGGCTGTGGG	15
TCTCTGTGTGTTAAA	GTAGCAGCTTCTGAAATG	10
GTGCGGGCTTTTTTTTT	CTTTAACCAATATAGGCATAA	16
GGCAGTAGTTTGTTGGGGCAGTGCCCGGGTCGATTCA	AAGTAATTGCCCAAATATATACATGTCCTGCATGGCAGTAGTTTGT	28
GGTCACTAAAT	AATCTACCGTCGCAAT	8
TTAACCAAT	TTCCGACTACT	5
AAATACTTTAACCAATATAGGCATAGC	TTCTGGTAAGCAATGCCAGGCAGGGGCGGCTGC	19
ACGGGCAATATGTCTCTGTGTGGATTAAA	CAAAGGTAACGGGTAACTACCATGCACGTTGAAGTCC	21
AAAAAAA	CTGCATGGCAGTA	10
AAAACCATTAGCGGCCATGATGCTTTACCGCAGATCAGCGATGCCGCACC	ACACGACATCCATGAAACTCATCTAAGCACCACCATTACCACCACCATAA	28
CTGCATGGCAGT	GCGGCCATGATGCTT	7
CCGGCTGAT	AAAAAGGCGAA	7
GACCTCGAATCTACCGTCGCAATTA	CTGCGCTGATTTGCCGTGGCGAGAAAATGTCGA	17
TCAGCGAT	TCTGATAGCAG	6
CGTGGGTAAATCTAAAATTTTTATTGACTTC	GAACGTATTTTTGCCGAACTTTTGACGGGACTCGCCGC	21
CTGATGGCAGGT	ATTCTGACTGCAACGGGC	9
AAATACTTTAACCAATATAGGCATAGCGCACAGACAGATAAAA	TCTAAAATTTTTATTGACTTCGTCACTAACTACTTTAACCAATATAGGCATA	28
CGTACATCAGTG	CAATTACTGAGTCCACCC	10
ATGGCAGGTTTCACTGCCGACATTAAAAAAGTC	AGCAATGCCAGGCAGGGGCAGGTGGCCACCGTCCTCTCT	25
C	AATATGTCTC	9
GCGGGCTGTGGGT	GTGGGGCATTACCTCGAATC	11
GATTGAAAAAACCATTAGCGGCCAGGATGCTTTACCCAATATC	AAAACCGGGTCTGACAGTGCGGGGTTTTCTTTTCGACCAAAGGTA	27
AACTGGTGGTGCTTGGACGCAACGGTTCCGACTA	GGTACATCAGTGGCAAATGCAGAACGTTTTCTGCG	19
TTTACCCAATATCAGCGATGCCGAACGTATTTTTGCCG	CAGTGCCCGGGTCGATTCAACGATGCGCCGCTTGCCGTGGTTAGA	25
CGCCGC	CCCAAATATAT	9
ATGCCGAACGTATTTTTGCCGAACTTTTGAC	GCAATATGTCTCTGTGTGGATTAAAAAAAGAG	20
CGTATTATGTTGCGAGTTGTCACAATGCTG	TCTGGTAAGCAATGCCAGGCAGGGGCGGCTGC	19
CTTTTCATTCTGACTGCAACGGGC	AACGGTGCGGGCTGACGCGTACAGGAAACACA	18
AAACCATTAGCGGCCATGATGCTTTA	CGGGGCGAGCAATGCGGGCTGTGGGTAGGACCTC	21
TGAAAAAACC	CGTGGCGAGAAAATGT	9
AGCGG	CAGGCAGG	3
TTACAGAGTACACAACATCCATGAAACGCATTAGCACCAC	ATTACAGAGTACACAACATCCATGAAACGCATTAGCACCACC	2
ATTAGAAGCGCGCGGTC	ATTTGCCGTGGCGAGAAAATGTC	11
AACACCTGGTGGAGATGATAGAAAAAACCATTAGCGGCCATGATGCT	CCCGAACACCTGGTGGAGATGATAGAAAAAACCATTAGCGGCCATGATGCTTTACC	9
AGCGCACAGACAGATAAAAATTACAGAGTACACA	CCCCGTATTACCGTAGACCCATTCCGGGTGAAGACATC	21
GACTGTCTGCGCCGCCAA	GATTTGCCGTGGCGAGAAAATGTC	13
ACTTTAAC	CCCAAATAAAA	7
GCC	GCG	1
GCGGCCAGGATGCTTTACCCAATATC	GCAGGTTTCACTGCCGACATTAAAAAAGTCG	16
ACCATTAGCGGCCATGATGCTTTA	CCGTCGATATTGCTGAGTCCACCCGC	17
TTACCTGCCGT	ATTAAAAAAGTCGGAAC	11
TTACGCGCCGATTAGCTGTGATTACTGACGG	GTAAATCTAAAATTTTTATTGACTTCGTCACTAACTACTT	22
ATGTTGCGAGTTGTCACAATGCTGACT	CCACAGGTAACGGTGCGGGCTGACGCGTACAGGA	21
GCCACCGTCCTCTCTGCCCCCGCCAAAATCACCAACCACC	ATGCGAGTGTTGAAGTTCGGCGGTACATCAGTGGCAAATGC	27
CGTCGATATTGCTGAGTCCACCCGCCGTATTGCGGC	CCATGCACGTTGAAGTCCGGCGTACATCAGTGGCAAATGGAGAAC	24
ACAGTGCGGGCTTTTTTTTTCGACCAAAGGTAACGAGGT	TATTGCTGAGTCCACCCGCCGTATTGCGGCAAGCCGCATTCCGG	27
TTACCGCA	AAGGCGAACTGGT	10
TTTCGTCGATAAGTAATTGCCCAAATATATACATGTCCTGCATGGC	TTTTCGACCAAAGGTAACGAGGTAACAACCATGCGAGTGTTGAAGT	24
GCTTCTG	CAATGCCAGGCA	9
ACTG	CCAAA	4
CATGTCCTGCATGGCAGTAGTTTGT	CGAAAAACTGCTGGCAGTGGGGCATTACCTCG	16
GCGTACAGGAAACACAGAAAAAAGCCCGCA	CACAACGTTACTGTTATCGATCCGGTCGAAA	21
CATCCATGAAACTCATCTAAGCACCACCAT	AAACTCATCTAAGCACCACCATTACCACCACCA	13
GCCCAGCCGGGGTTCCCGCTGGCGCAATTGAAAAC	TCTTCCGCGATATTCTGGTAAGCAATGCCAGGCAGGGGCGGCTG	28
TGATTTGCCGTGGCGAGAAAATGTCGATCGCCATTATGGCCGGCGTATT	ATGCTGACTGCTATCGATCGGGGCGAGCAATGCGGGCTGTGGGTAGGACCTCGAA	29
TGGCA	ACTGAGTCCA	5
ACATCAGTGGC	CAGAAAAAAACCGGGTCT	12
GATAAGTAATTGCCCAAATATATACATGTCCTGCATGGCAG	CATCAACGCTGCGCTGATTTGCCGTGGCGAGAAAATGTCGAT	24
GCGTGTTGCCGATATTCTGGAAAGCAATGCCAGGCAGGGGCAGGTGGCC	GCGATGCCGAACGTATTTTTGCCGAACTTTTGACGGGACTCGCCGCCGCCCAG	27
AGAGATA	ATCTAAGCACCACC	9
TATTCT	TAAAACATGTCCTGC	9
CGCCAAATCACCCGAACACCTGGTGGAGATGATAGAAAAAACCA	GCCGATTAGCTGTGATTACTGACGGCAACGGGCAAATATGTCTCTGTGTG	31
CAATATAGGCATAGCGCACAGACA	GGAACTGTGTGGTGCTTTGGACGCAAC	15
CCCGGATA	GACGGCAACGGGCAAAT	10
CCCGGGTCGATTCAACGATGCGCCGC	TTACCTGCCGTGGGTAAATCTAAAATTTTTATTGA	21
AGCTTCTGAACTGGTTACCTGCCGTGAGTAAATTAAAATTTT	TGGTAGCAGCTTCTGAAATGTTACCTGCCGTGGGTAAATCTAAAATTTTT	12
ATGCGAG	AGCCTGCGCGCCCAG	8
CGCCGGTAATGAAAAAGGCGAACTGGTGGTGCTTGG	TAACGAGGTAACAACCATGCGAGTGTTGAAGTTCGG	17
GCTGGCTGCCTGTTTACGCGCCGATTAGCTGTGATTACTGACGGCAA	CCAATTAATGCCGGCGTATTATGTTGCGAGTTGTCACAATGCTGACTGC	25
CATGTCCTGCATG	GAAGCGCGCGGTCA	9
ATTCTGGTAAGCA	CGATTAGCTGTGAT	9
GAGTGTCTGGTAGCAGCTTCTGAAATGTTACCTGCCGTGGGTAAATC	CTGTTTACGCGCCGATTAGCTGTGATTACTGACGGCAACGGGCAAATATGT	28
AACATGTCCTGCATGGCATTAGTTTGTTGGGGCAGTGC	TTGACGGGACTCGCCGCCGCCCAGCCGGGGTTCCCGCT	26
TGAAATGTTACCTGCCGTGGGTAAATCT	ATTGAAAAAACCATTAGCGGCCAGGATGCTTTA	18
GCGGGCTGACGCGTACA	GCAATTACTGAGTCCACCCCCCG	14
ACCACCACCATCACCATTACCACAGGTAACGGTGCG	GGTCACTAAATACTTTAACCAATATAGGCATAGCGCACAGACAG	23
GATGGCAGGTTTCACC	TTACCACAGGTAACGG	10
ATGGCAGTAGTTTGTTGGGGCAGTGCCCGGGT	CTTTGGACGCAACGGTTCCGACTACTCTGCTGCGGATGCT	22
CACCACCATCACCATTACCACAGGT	ATGCCAGGCAGGGGCGGCTGCCCCCGA	17
ATTACCACCACCATAAACCATTACCATAGTTAAGCGGT	TTAGCACCACCATTACCACCACCATCACCATTACCACAGG	15
AATTGAAAACTTTCGTCG	GAGGTAACAACCATGCGAGTGTT	13
TGG	GGGACTC	5
CATCCATGAAACTCATCTAAGCACCACCATTACCACC	TAACTACTTTAACCAATATAGGCATAACGCACAGAGAGAT	21
T	GCGAGAA	7
AAGCAATGCCAGGCAGGGGCAGGTGGCCACCGTCCTCTCTGCC	TAACGGTGCGGGCTGACGCGTACAGGAAACACAGAAAAAAGCCCGCACC	28
AACTACTTTA	CGGCTGATCA	7
CGATATTGCTGAGTCCACCCGCCGTATTGCGGCAAGCCGCATTCCGG	ATTTTTATTGACTTCGTCACTAACTACTTTAACCAATATAGGCATAACGCAC	29
CGCAATTACTGAGTCCACCCCCCGTATTACCGTAGAC	GCCCAGCCGGGGTACCCAGCTAGCGCATATTGAAATCT	22
TGCGCGCCCAGCCGGGGTACCCAGCTAGCGCATATTGAAATCTTTCGT	CCCCAATTAATGCCGGCGTATTATGTTGCGAGTTGTCACAATGCTGACTGC	27
TG	TACCACAGGT	8
CGAGAAAATGTCGATCGCCATTATGGCCGGCGTATTAGAAG	AGCGGCCATGATGCTTTACCGCAGATCAGCGATGCCGCACC	25
CTGTGTGGATTAAAAAAA	TAAAGATAACAGAGTACACGACAT	15
GGT	CTT	2
TGGCAAATGCAGAACGTTTTCTGCGTGTTGCCGATATTCTGGAAA	AACTGGTGGTGCTTGGACGCAACGGTTCCGACTACTCTGCTGCGGTGCTGGC	29
AAAAAAACCGGGTCTGACAGTGCGGGGTTTTCTTTTCGACC	ATGGTGCTGATGGCAGGTTTCACCGCCGGTAATGAAAAAGGC	29
CTGTCT	CAACATCCATGAAAC	11
CATA	TCGAATCTAC	6
TGTCTCTGTGTGTTAAAAAAAGAGTGTCTGGTAGCAGCTT	GGTAACGGGTAACTACCATGCACGTTGAAGTCCGGCGTACATCAGTGG	27
GTGGCAAATGCAGAACGTTTTCTGCGTGTTGCCGATATTCTGGAAAGC	AAGAGTGTCTGGTAGCAGCTTCTGAAATGTTACCTGCCGTGGGTAAATCTAAAA	30
ATTCTGGAAAGCAATGCCAGGCAGGGGCAGGTGGCCACCG	CATAGTTAAGCGGTGCGGGCTGTCGCGTACACCAAACACAGAAAAAAA	29
GGGGCATTACCTC	AAAGGTAACGGGTAACTA	11
GTGTTAAAAAAAGAGTGTCTG	GTGCTGATGGCAGGTTTCACCGCCGGTAA	18
GCGAGTGTTGAAGTTCGGCGGTAC	GTAGGACCTCGAATCTACCGTCGCA	15
AGGCAGGGGCG	GTTGAAGTTCGGCGGTACA	12
TGGTGGAGATGATAGAAAAAACCA	AGTGGCAAATGGAGAACGCTTCTC	13
TGTG	ATTCCGGCT	7
AATGCCAGGCAGGGGCGGCTGCCCCCGACTGTCTGCGCCGCCAAATC	TTCATTCTGACTGCAACGGGCAATATGTCTCTGTGTGGATTAAAAAAA	29
CAGTGCGGGGT	AGATAACAGAGTACACG	11
AGCAATGCGGGCTGTGGGTAGGA	CACCGCCGGTAATGAAAAAGGCGAACT	17
CGGCAACGGGCAAATATGTCTCTGTGTGTTAAAAAAAGAGTGT	AATCACCAACCACCTGGTGGCGATGATTGAAAAAACCATTAGCGGC	25
ATGCACGTTGAAGTCCGGCGTACATCAGTGGCAAATG	AAGGTAACGGGTAACTACCATGCACGTTGAAGTCCGGCGTACA	23
GGTGGCCACCGTCCTCTCTGCCC	GGGGTTTTCTTTTCGACCAAAGGTAACGGGTA	21
GTCTGACAGTGCGGGGTTTTCTTTTCGACCAA	TGGATTAAAAAAAGAGTGTCTGATAGCAGCTT	20
A	TCGTCACT	7
GTGTGGTGCTTTGGACGCAACGGTTCCGA	AGTACACAACATCCATGAAACGCATTAGCACCAC	20
TG	AGAACGTTTT	9
GGTGAAGACATCGGCGCTGATGGCAGG	CTGGCGCAATTGAAAACTTTCGTCGATCAGGA	16
GTTTTCT	ATATGTCTCT	4
TCCCCAATTAATGCCGGCGTATTATGTTGCGAGTTGTCACAATGCTGAC	ATTACCATAGTTAAGCGGTGCGGGCTGTCGCGTACACCAAACACAGAAAA	27
GCGGGCTGTCGCGTACACCAAACACAGAAAAAAACCGGGTCTGAC	CACAGAAAAAAGCCCGCACCTGACAGTGCGGGCTTTTTTTTTCGA	31
ACGGTTCCGACTACTCTGCTGCGGTGCTGGCTGCCTGTT	GCATTAGTTTGTTGGGGCAGTGCCCGGATAGCATCAACGC	24
CCGACTACTCTGCTGCGGATGCTCGCTACCTGTTCCCGCGCC	GACGCGTACAGGAAACACAGAAAAAAGCCCGCACCTGACAGTGC	25
AGGCATAGCGC	CCGGTCGAAAAAC	8
CCATAGTTAAGCGGTGCGGGCTGTCGCGTACAC	CGCATTAGCACCACCATTACCACCACCATCACCATTACCAC	22
TGCGAGTTGTCACA	CCGCCAAATCACCCGAA	10
TT	AGTAATTGCC	8
TCTGCG	TTGCCCAAA	6
ATGTCTCTGTGTGTTAAAAAAAGAGTGTCTGGTAGCAGCTTCTGA	GGCAATATGTCTCTGTGTGGATTAAAAAAAGAGTGTCTGATAGCAG	16
TAT	CAGCGAT	5
GGTGCGGGCTGACGCGTACAGGAAACACAGAAAAA	TGCTGATGGCAGGTTTCACCGCCGGTAATGAAAAAGGCGAACTG	21
GCAAATATGTCTCTGTGTGTT	CGATAAGTAATTGCCCAAATATATACA	16
TTTTTTTTTCGACCAAAGGTAACG	CGATGCCGCACCGATTCTTGCAGAACCCTTGAC	22
TTACCACAGGTAACGGTGCGGGCTGACGCGTACAGGAAACACAGA	CCAGCCGGGGTACCCAGCTAGCGCATATTGAAATCTTTCGTCGATAA	29
GCTGTGATTACTGACGGCAACGGGCAAATATGTCTCTGTGTGTTAAAA	TTACAGAGTACACAACATCCATGAAACGCATTAGCACCACCATTACCACCACCA	34
GCAG	TTTTGAC	6
GACTACTCTGCTGC	TGCTTTGGACGCAA	10
TTACTGACGGCAACGGGCAAATATGTC	AGTCGGAACTGTGTGGTGCTTTGGACGCAACG	21
GTAGCAG	ACACCAAAC	6
AAAAAAACCGGGTCTGA	AACTTTTGACGGGACTCGCC	11
AGGATGCTTTACCCAATATC	ATGCCGAACGTATTTTTGCCGAA	14
ATGTCGATCGCCATTATGG	TGCCTGTTTACGCGCCGATTAGCTGTG	12
TGTTCCCGCGCCTGAT	CGTAGACCCATTCCGGGTGAA	11
ATTAGAAGCGCGCGGTCACAA	CAGCTAGCGCATATTGAAATCTTT	16
GTACATCAGTGGCAAATGGAGAACGCTTCTCC	GCACCGATTCTTGCAGAACCCTTGACGTGACTAGCC	19
AACGAGGTAACAACCATGCGAGTGTTGAAGTTCGGCGGTACATCAGT	ACATGTCCTGCATGGCAGTAGTTTGTTGGGGCAGTGCCCGGGTCGATTCAACGAT	27
TGAGTAAATTAAAATTTTATTGACTTAGGTCACTAAATACTTTAACCAA	CGCACAGACAGATAAAAATTACAGAGTACACAACATCCATGAAACGCATTAGCACCA	27
ATGATGCTTTACCGCAGATCAGCGATG	TGCCGATATTCTGGAAAGCAATGCCAGGCAGGG	18
GCCATGATGCTTTACCGCAGATCAGCGATGCCGCACCGATTCTTGCA	TACCATAGTTAAGCGGTGCGGGCTGTCGCGTACACCAAACACAGAAA	26
AAGTTCG	CAGCTTCTGAAA	6
GGCAATATGT	GTGCTGATGGCAGGT	7
CTGCTGCGGTG	CACCAAACACAGAAAAAA	14
ATATAG	CGGCTGCCCCCG	10
ATCAACGCTGCGCTGATTTGCCG	TGTCCTGCATGGCAGTAGTTTGTTGGG	14
CGAGTTGTCACAATGCTGACTGCTATCGATCGG	TTACCCAATATCAGCGATGCCGAACGTATTTTTGCC	20
ATGGCCGGCGTATTAG	TAAATACTTTAACCAATATA	14
GCTTTACCCAATATCAGCGATGCCGAACGTATTTTTGCCGAACTTTT	GACAGATAAAAATTACAGAGTACACAACATCCATGAAACGCATTAGCACCAC	31
ATCAGCGATGCCGAACGTATTTTTGCCGAACTT	GTCGATCCCCAATTAATGCCGGCGTATTATGTTGCGAGTT	18
AAC	CCAAACACAGA	8
CTGTGTG	AGGTAACGAGG	7
GAAGCGCGCGGTCACAACGT	GGCAAGCCGCATTCCGGCTGA	10
TGGGTAGGACCTCGAAT	TACTGAGTCCACCCCCCGTATT	12
GATAGCAGCTTCTGAACTGGTTACCTGCCGTGAGTAAATTA	TGGCAGGTTTCACCGCCGGTAATGAAAAAGGCGAACTGGTGGTGCTTGGA	28
GAAACGCATTAGCACCACCATTACCACC	CTGCGCCGCCAAATCACCCGAACACCTGGTGGAG	21
GTCGCAATTACTGAGTCCACCCCCCGTATTACCGTAGACC	AGGTTTCACTGCCGACATTAAAAAAGTCGGAACTGTGTGGTGCT	28
TTATTGACTTAGGTCACTAAATACT	ACGGCAACGGGCAAATATGTCTCTG	16
TCGCCATTATGGCCGGCGTAT	GCCGATTAGCTGTGATTACTGAC	13
G	CTACCGTC	7
AAAA	TTCGTCGATCAG	10
AAAGATAACAGAG	AACTGTGTGGTGCTT	11
TTAGCTGTGATTACTGACGGCAACGGGCAAATAT	ATTAGCGGCCATGATGCTTTACCGCAGATCAGCG	18
CCG	TCC	2
TACCATAGTTAAGCG	ATGTCGATCGCCATTA	11
CTG	AAAATC	5
CGGTGCGGGCTGACGCGTACAGGAAA	TGGCAAATGGAGAACGCTTCTCCGCGTCTTCCGCG	22
TAGGACCTCGAATCT	TAACAGAGTACACGACATCCATG	11
CACAGGTAACGGT	CCCCGCCAAAATCA	9
CATGCGAGTGTTGAAGTTCGGCGGTACATCAGTGGCAAATGCAGA	TATTCTGGTAAGCAATGCCAGGCAGGGGCGGCTGCCCCCGACTGTCTG	27
AAAATGTCGATCCCCAATTAATGCCGGC	TATGTCTCTGTGTGGATTAAAAAAAGAGTGT	19
CATTAGCGGCCATGATGC	GACGCGTACAGGAAACACAG	13
CACCTGACAGTGCGGGCTTTTTTTTTCGACCAAAGGTAACGAGG	AAAAAGAGTGTCTGGTAGCAGCTTCTGAAATGTTACCTGCCGTGGGTAAAT	30
TTAGAAGCGCGCGGTCACAACGTTACTGTTATCGATCCGGTCGAA	ACTGGTGGTGCTTGGACGCAACGGTTCCGACTACTCTGCTGCGGTGCTGGCTG	25
CTCTGCTGCGGATG	CGGGACTCGCCGCCGCCCA	11
GAAATG	GCATTC	3
CCCGCTGGCGCAATTGAAAACTTTCGTCG	GTGGATTAAAAAAAGAGTGTCTGATAGCAGCTTCT	23
ACGTTTTCTGCGTGTTGCCGATATTCTGGAAAGCAATGCCAGGCA	CGGGACTCGCCGCCGCCCAGCCGGGGTTCCCGCTGGCGCAATTGAAAACT	29
GGTCTGACAGTGCGGGGTTTTCTTTTCGACCAAAGGTAACGGGTAACTA	GGCTGACGCGTACAGGAAACACAGAAAAAAGCCCGCACCTGACAGTGCGGGC	32
ATTAGCT	CCGCCGTATT	8
GCCCAGCCGGGGTACCCAGCTAGCGCATATTGAAATCTT	ATGTCTCTGTGTGGATTAAAAAAAGAGTGTCTGATAGCAGCTT	24
CGCCGCCGCCCAGCCGGGGTTCCCGCTGGCGCAATTGAAAA	GGCATAGCGCACAGACAGATAAAAATTACAGAGTACACAACATC	27
T	AGGGG	5
GTATTGCGGCAAGCCGC	GTAACGGTGCGGGCTGACGCGTACA	12
TGGTGGAGATGATAGAAAAAACCA	GGCTTTTTTTTTCGACCAAAGGTAACGA	16
ACCATAGTTAAG	TCGATCCCCAATTAAT	8
AGGCATA	AAACACAGAAAAAA	10
AAAACATGTCCTGCATGGCATTAGTTTGTTGGGGCAGTGCCCGGATAGC	ATTCCGGGTGAAGACATCGGCGCTGATGGCAGGTTTCACTGCCGACATT	26
GACATCGGCGCTGATGGC	ATTACTGACGGCAACGGGC	11
TTCTCCGCGTCTTCCGC	GCGCGCGGTCACAACGTTACTGT	14
GCAGCTTCTGAACTGGTTACCTGCCGTGAGT	TAGAAAAAACCATTAGCGGCCATGATGCTTTACCGC	23
CC	TTAAAAAA	8
AATGTTACCTGCCGTGGGTAAATCTAAAATTTTTATTGACTTC	GACAGTGCGGGCTTTTTTTTTCGACCAAAGGTAACGAGGTAACAACC	30
GAT	TGATAGAA	5
CCATTACCACCACCATAAACCATTACCATAGTTAAGCGGTGCGGG	TCAGCGATGCCGCACCGATTCTTGCAGAACCCTTGACGTGACTAGCCTGCGCGC	26
GCATTAGTTTGTTGGGGCAGTGCCCGGATAGCATCAACGCTG	TCAGCGATGCCGAACGTATTTTTGCCGAACTTTTGACGGGACTCGCCGCCG	28
ACCACCACCATCACC	ACTGACGGCAACGGG	9
AACCGG	AAAAAGAGTGTC	8
AAGCCCGCACCTGACAGTGCGGGCTTTTTT	CCATAAACCATTACCATAGTTAAGCGGTGCG	20
CGGTGCG	CCAAACAC	6
TACAGGAAACACAGAAAAAAGCCCGCACCTGACAGTGCGGGCTT	GATGCCGAACGTATTTTTGCCGAACTTTTGACGGGACTCGCCGCCG	28
ACCATTACCACAGGTAACGGTGCGGGCTG	CAGCTTCTGAAATGTTACCTGCCGTGGGTA	15
GGTCGATTC	ACTAGCCTGCGCG	9
TTTTCGACCAAAGGTAACGGGTAACTACCATGCACGTT	AACGTATTTTTGCCGAACTTTTGACGGGACTCGCCGCCGC	23
GCTATCGA	CGACATCCATGAA	7
ACCTGTTCCCGCGCCTGAT	GGTGCGGGCTGACGCGTACAGGA	14
CATCTAAGCACCACCATTACCACCACCATAAACCATT	CTTTACCCAATATCAGCGATGCCGAACGTATTTTTGCC	23
GCTTCTCCGCGTCTTCCGC	ACTCGCCGCCGCCCAGCCG	9
GTGGCAAATGCAGAACGT	CGAATCTACCGTCGCAATTACTGA	14
CCGTCGCAATTACTGAGTCCACCCCCCGTATTACCGTAGACCCAT	ATCTACCGTCGCAATTACTGAGTCCACCCCCCGTATTACCGTAGACCC	7
TCACCAACCACCTGGTGGCGATGATTGAAAAAACCATT	ACCCGAACACCTGGTGGAGATGATAGAAAAAACCATTAGCGG	11
TGCGCCGCTTGCCGTGGTT	CGCATTAGCACCACCATTA	13
ACCGCCGGTAATGAAAAAGGCGAACTGGTGGTGC	TTACCACCACCATAAACCATTACCATAGTTAAGCGG	22
AATGCTGACTGCTATCGATCGGGGCGAGCAATGCGGGCTGT	CTGCGTGTTGCCGATATTCTGGAAAGCAATGCCAGGCAGGGGC	21
GCAACGGTTCCGACTACTCTGCTGCG	TACATCAGTGGCAAATGGAGAACGCTTCTCC	17
GTTCCGACTACTCTGCTGCGGA	GGTCACTAAATACTTTAACCAATA	13
CCTCTCTGCC	ATCAGCGATGCCGAACGTA	13
CAGAAAAAAGCCCGCACCTGACAGTGC	GCAGTGGGGCATTACCTCGAATCTACCGTCG	17
ACAGGAAACACAGAAAAAAGCCCGCACCTG	CTCTGTGTGTTAAAAAAAGAGTGTCTGGTAG	19
ATTACCGTAGACCCATTCCGGGTGAAGACATCGGC	TTAGAAAATGTCGATCCCCAATTAATGCCGGCGTATTAT	24
CTCGAATCTACCGTCGCAATTA	GAAGCGCGCGGTCACAACGTTACTGTTAT	16
GATGGCAGGT	TGCGGCAAGCC	6
A	GA	1
AGATGATAGAAAAAACCATTA	TAACAGAGTACACGACATCCATGAAAC	14
ATTCCGGCTGATCACATG	TAACTACCATGCACGTTGAA	12
CA	CTGGTAAGC	7
AAATGGAGAACGCTTCTCCGCGTCTT	TATTAGAAGCGCGCGGTCACAACGTT	13
AGAGAGATAAAGATAACAGAGTACA	CGATTAGCTGTGATTACTGACGGCAACGGG	16
AGTGGCAAATGCAGAACG	CAACGTTACTGTTATCGAT	13
CCCAAATAAAACATGTCCTGCATGGCATT	CCGAACACCTGGTGGAGATGATAGAAAAAACCATTAG	21
AAAAAAGCCCGCACCTGACAGTGCGGGCTTTTTTTTTCGACCAAAGG	TGTGTGGATTAAAAAAAGAGTGTCTGATAGCAGCTTCTGAACTGGTTAC	34
TGGCAGGTTTCACCGCCGGTA	GCCGCTTGCCGTGGTTAGAAAA	15
AGGCAGGGGCAGGTGGCCACCGTCCTCTCTGCCCCCGCCAAAATCA	GCGGCCAGGATGCTTTACCCAATATCAGCGATGCCGAACGTATTTTTGCCGAACT	32
GGTTCCGACTACTCTG	CGCATTAGCACCACCATTACCAC	13
CTTAGGTCACTAAATAC	GTCCGGCGTACATCAGTGG	11
CTGCGGATG	GGATAGCATC	7
CATGTCCTGCATGGCAGTAGT	CTGCCGACATTAAAAAAGTCGGA	13
GATCCGGTCGAAAAACTGCTGG	GCACAGACAGATAAAAATTACAGA	12
AACTTTTGACGGGACTCGCCGCCGCCCAGCCGGGGT	GCTGATGGCAGGTTTCACTGCCGACATTAAAAAAGTCGGA	22
GCTGTGGGTAGGACCTCGAATCTACCGTCGCA	CTGATAGCAGCTTCTGAACTGGTTACCTGCCGTGAGTAAA	20
GCCGTGGTTAGAAAATGTCGATCCCCAATTAATGCCG	CGCTGGCGCAATTGAAAACTTTCGTCGATCAGGAATTTG	20
GCAAGCCGCATTCCGGCTGATCACATGGTGCTGATGGCAGGTTT	TATTAGAAGCGCGCGGTCACAACGTTACTGTTATCGATCCGGTCGAAAA	28
AAAAAGGCGAACTGGTGGTGCTTGGACGC	CACAGAAAAAAGCCCGCACCTGACAGTGC	18
CAGTGCCCG	TGAAATCTTTCG	8
GGACTCGCCGCCGCCCA	GCGGCAAGCCGCATTCCGG	9
AA	GGGGTT	6
CTTTACCCAATATCAGCGATGCCGAACGTATTTTTGCCGAACTTTTGA	TGAAGTCCGGCGTACATCAGTGGCAAATGGAGAACGCTTCTCCGCGTCTTCCGCGA	29
CGCCGCCAAATCACCCGAACAC	CCCCCGACTGTCTGCGCCGCCAAATCAC	13
CCTGCCGT	AATATATACATGT	9
GAG	CATG	2
AAATTTTTATTGACTTCGT	TTGGGGCAGTGCCCGGGTC	14
AGACCCATTCCGGGTGAAGACATCGGCGCTGATGGCAGGT	ACCCAGCTAGCGCATATTGAAATCTTTCGTCGATAAGTAA	23
CACCTGACAGTGCGGGCTTTT	CATATTGAAATCTTTCGTCGA	13
AGAGTACACGACATCCATGAAACTCATCTAAGCACCACCATTACCACCAC	ATGTCCTGCATGGCATTAGTTTGTTGGGGCAGTGCCCGGATAGCATCAACGCTGCGC	33
T	TCTGCG	5
AAAAAACCATTAGCGGCCATGATGCTTTACCGCAGATCAGCG	ATTACCACAGGTAACGGTGCGGGCTGACGCGTACAGGAAACACAGA	24
GGTAATGAA	TACCGTCGCA	7
CAACGGTTCCGACTACTCTGCTGCGGATGCTCGCTACCTGTTCCCGCG	GCCTGCGCGCCCAGCCGGGGTACCCAGCTAGCGCATATTGAAATCTTTCGTCGAT	28
AA	TTTCT	5
GGACGCAACGGTTCCGACTACTCTGCTGCGGATGC	GACGGGACTCGCCGCCGCCCAGCCGGGGTTCCCGCTGGCG	21
AGCGCATATTGAAAT	GCCGGCGTATTAGAAGCGC	9
AAAAAAGAGTGTCTGGTAGCAGCTTCTG	TGTCACAATGCTGACTGCTATCGATCGGGGCGAGCAA	22
ACATGGTGCTGATGGCAGGTTTCACCGCCGGTAATG	TGGTTACCTGCCGTGAGTAAATTAAAATTTTATTGACT	25
TAGCCTGCGCG	TCATCTAAGCACCAC	9
ACAGTGCGGGCTTTTTTTTTCGACCAAAGGTAACGAGGTAACAACCA	ATTAGTTTGTTGGGGCAGTGCCCGGATAGCATCAACGCTGCGCTGATTTGC	32
ACATCAGTGGCAAATGGAGAAC	AATCACCAACCACCTGGTGGCGATGATTGAA	17
CACCAACCACCTGGTGGCGATGATTGAAAAAACCATTAGCGGCCAGGA	AAAGAGTGTCTGGTAGCAGCTTCTGAAATGTTACCTGCCGTGGGTAAATCTAAA	32
GACGCAACGGTTCCGACTACTCTGCTGCGG	GTGTCTGGTAGCAGCTTCTGAAATGTTACCTGCCG	18
CAT	AATTAATGC	7
CCCCGACTGTCTGCGCCGCCAAATCACC	ATTACCACCACCATAAACCATTACCATAGTTAAGCGG	23
TGACGTGACTAGCCTGCGCG	CCACCCGCCGTATTGCGGCAAGC	13
GTGCCCGGATAGCA	GCCGAACGTATTTTTGCCGAAC	13
CACAGACAGATAAAAATTACAGA	TGCAGAACCCTTGACGTGACTAGCCTG	16
ACCAATATAGGCATAACGCACAGAGAGATAAAGATAACA	ATCTACCGTCGCAATTACTGAGTCCACCCCCCGTATTACCGTAGAC	26
TACCGTCGATATTGCTGAGTCCACCCGCCGTATTGCGGCAAGCCGCATT	CACAACATCCATGAAACGCATTAGCACCACCATTACCACCACCATCACC	26
CATGGCAGTAGTTTGTTGGGGCAGTGCCCGGGTCGATTCAACGA	TAGCAGCTTCTGAAATGTTACCTGCCGTGGGTAAATCTAAAATTTTTATTGA	30
A	TAAAGATA	7
TTGCCGTGGCGAGAAAATGTCGATCGCCATTATGGCCGGCGTAT	TACCACCACCATAAACCATTACCATAGTTAAGCGGTGCGGGCTGTCG	25
GCACCACCATTACCACCACCATAAACCATTACCATAGTTAAGCGGT	CGCTACCTGTTCCCGCGCCTGAT	30
TGACAGTGC	GCGTATTATGTTG	8
GAATCTACCGTCGATATTGCTGAGTCCACCCGCC	CAACGGTTCCGACTACTCTGCTGCGGTGCTGGCTGCCTGT	20
AGTTTGTTGGGGCAGTGCCCGGATAGC	TTTATTGACTTCGTCACTAACTACTTTA	18
ATCTAAAA	GTGGCAAATGCA	7
CAACGGGCAAATATGTC	CCACCACCATCACCATTA	10
GCAATATGTCTCTGTGTGGATTAAAAAAAGAGTGTCTGATAGCAGCTT	ACATTAAAAAAGTCGGAACTGTGTGGTGCTTTGGACGCAACGGTTCCGACTAC	31
AGAAAAAAGCCCGCACCTGACAGTGCGGGCTTTT	CCTGTTTACGCGCCGATTAGCTGTGATTACTGACGGC	23
ACTGACGG	TGGTAAGC	6
ACGGGTA	CTTCCGCGAT	7
TG	GGTAATG	5
GGCAAATATGTCTCTGTGTGTTAAAAAAAGAGTGTCTGGTAG	CATGAAACTCATCTAAGCACCACCATTACCACCACCATAAACCATTA	31
TGGGGCA	ATGCCAGGCAGGGG	8
TGATCACATGGTGCTGATGGCAGGTTTCACCGC	AGGTAACAACCATGCGAGTGTTGAAGTTCGGCGGT	18
TAAG	GATAT	3
CGGAACTGTG	CCCAAATATATA	7
GAGTGTCTGATAGCAGCTTCT	CGCAATTGAAAACTTTCGTCGATCAGGA	18
TATTGCTGAGTCCACCCGCCGTATTGCGGCAAGCCGCATTCCGGCTGA	GCGCCGCTTGCCGTGGTTAGAAAATGTCGATCCCCAATTAATGCCGGCGTAT	31
TCCACCCGCCGTATTGCGGCAAGCCGCATTCCGGCTGATCACATGG	ACAGATAAAAATTACAGAGTACACAACATCCATGAAACGCATTAGC	28
G	TGCTG	4
CATGCGAGTGTTGAAGTTCGGCGGTACATCA	ATGTCGATCGCCATTATGGCCGGCGTATTAGAA	16
GCTTGGACGCAACG	GGGGTTTTCTTTTCGACCAAAGG	13
CAAATGGAGAACGCTTCTC	TCAACGCTGCGCTGATTTGC	11
GATGC	CGCCGCTTGCCGTG	10
TTACCATAGTTAA	AGGACCTCGAATCTAC	9
CGAACGTATTT	GCCTGTTTACG	8
ATGCACGTTGAAGTCCGGCGTACATCAGTGGCAAATGGAGAACGCTTCT	GGGTTCCCGCTGGCGCAATTGAAAACTTTCGTCGATCAGGAATTTGCCCA	31
GGTTCCGACTACTCTGCTGCGGATGCTCGCTACCTGTT	GAAATGTTACCTGCCGTGGGTAAATCTAAAATTTTTATTGACTT	27
GATTCAACGATGCGCCGCTTGCCGTGGTTAGAAAATGT	GCGGCTGCCCCCGACTGTCTGCGCCGCCAAATCACCCGAACACCTGG	26
TCTGATAGCAGCTTCTGAACTGGTTACCTGCCGTGAGTAAAT	GAGAACGCTTCTCCGCGTCTTCCGCGATATTCTGGTAAGCAATGCC	26
GCAGGTTTCACTGCCGACATTAAAAAAGTCGGAACTG	TCAACGCTGCGCTGATTTGCCGTGGCGAGAAAATGTCGATCGCC	23
ATGAAACTCATCTAAGCACCACCATTAC	CGTACAGGAAACACAGAAAAAAGCCCGCAC	17
TAAGCAATGCCAGGCA	GGCCAGGATGCTTTACCCAATATCA	15
TCACTAACTACTTTA	TGCTGCGGTGCTGGCT	11
AAGACATCGGCGC	GCTTTTTTTTTCGACCAAA	15
TAAAAAAAGAGTGTCTGATA	GGAATTTGCCCAAATAAAACA	16
ACCACCATAAACCATTACCATAGTT	GCAAATGCAGAACGTTTTCTGCGTGTTGC	16
C	TGTCGATCGC	9
CTGCGCTGATTTGCCGTGG	TAAGCGGTGCGGGCTGTCGCGTACACC	16
ACGTGACTAGCCTGCGCGCCCAGCCGGGGTACCCAGCTAGCGCATATTGA	TTTGCCCAAATAAAACATGTCCTGCATGGCATTAGTTTGTTGGGGCAGTG	32
TAGCATCAACGCTGCGCTGATT	TGGACGCAACGGTTCCGACTACTCTGCTGCG	16
CAACCATGCGAGTGTTGAAGTTCGGCGGTACATCAGTGGCAAATGCAGAA	AGTCGGAACTGTGTGGTGCTTTGGACGCAACGGTTCCGACTACTCTGCTGCGGATGCT	31
G	GTTACCTG	7
TTTTATTGACTTCGTCACTAACTACTTTAACCAATATAGGCATA	CATAACGCACAGAGAGATAAAGATAACAGAGTACACGACATCCA	25
TCTGTGTGTTAAAAAAAGAGTGTCTGGTAGCAGCTTCTG	GGGGCAGTGCCCGGATAGCATCAACGCTGCGCTGATTTGC	25
GATA	CGTCT	4
TCACA	ACCATAGTTAA	8
CGACTACTCTGCTGCG	TTAGAAAATGTCGATCCCCAATTA	17
G	AATAT	5
GCCGTAT	GCTGCGCTGATTTG	7
ACAGAAAAAAACCGGGTCTGACAGTGCGGG	CGGCGGTACATCAGTGGCAAATGCAGAACGTTTTCTGCG	23
CGGCTGATCACATGGTGCTGATGGCAGGTTTCACCGCC	TGCGCGCCCAGCCGGGGTACCCAGCTAGCGCATATTGAA	23
GCCCGCACCTGACAGTGCGGGCTTTTTTTTTCGACCAAAGG	AATACTTTAACCAATATAGGCATAGCGCACAGACAGATAAAAATTACA	34
CCGCTTGCCGTGGTTAGAAAATGTCGATCCC	ATTTGCCCAAATAAAACATGTCCTGCATGGCATTAGTTTG	25
AGCGGTGCGGGCTGTCGCGTACACCAAACACAGAAAAAAACCGGGTCTG	CAGTAGTTTGTTGGGGCAGTGCCCGGGTCGATTCAACGATGCGCCGCTTGCCGTGGTT	32
ATCAGCGATGCCGAACGTATTTTTGCCGAACTTTTGACGGGA	TTAAAAAAGTCGGAACTGTGTGGTGCTTTGGACGCAACGGTTCCGACTAC	25
GGCAGGTTTCACCGCCGGTAATG	TCCGGCTGATCACATGGTGCTGATGGCAG	16
CTGCGGATGCTCGCTACCTGTTCCCGCGCCTGAT	CCAGGATGCTTTACCCAATATCAGCGATGCCGAACGTAT	19
ACCGTCGCAATTACTGAGTCCACCCCCCGTATTACCGTAGACC	GTCGATAAGTAATTGCCCAAATATATACATGTCCTGCATGGCAGTAGTTT	27
AAATTAAAATTTTATTGACTTAGGTCACTAAATACTTTAACCAATATA	AGGTAACAACCATGCGAGTGTTGAAGTTCGGCGGTACATCAGTGGCAAAT	27
CACGACATCC	GTGCGGGCTT	8
GAATCTACCG	TGCTTTACCCAATATC	11
AACTGGTGGTGCTTGGACGCAACGGTTCC	CAGTGCCCGGGTCGATTCAACGATGCGCCGC	17
AACGGTTCCGACTACTCTGCTGCGGATGCTCGCTACCTGTTCCCGCGC	TTGTTGGGGCAGTGCCCGGATAGCATCAACGCTGCGCTGATTTGCCGTGGCGA	27
TGTGTGGATTAAAAAAAGAGTGTCTGATAGCAGCTTCTG	TTACCTGCCGTGGGTAAATCTAAAATTTTTATTGACTTCGTCAC	24
GATAGCAGCTTCTGAACTGGTTACCTGCCGTGAGTAAATTAAAATT	AGAAAATGTCGATCCCCAATTAATGCCGGCGTATTATGTTGCGAGT	25
ACTTTAACCAATATAGGCATAGCGCACAGACAG	AATGGAGAACGCTTCTCCGCGTCTTCCGCGATATTCTGGT	23
AAATGTCGATCGCCATTATGGCCGGCG	AGCGATGCCGAACGTATTTTTGCCGAA	12
GCGGGCTGTGGGTAGGACCTCGAATCTACCGTCGCAATTACTGAGTCC	GGGTCTGACAGTGCGGGGTTTTCTTTTCGACCAAAGGTAACGGGTAACTAC	28
GCC	CTGCCTGTTTAC	9
GTGCCCGGGTCGATTCAACGATGCGCCGCTTGCCGTGGTTA	TTGCCCAAATATATACATGTCCTGCATGGCAGTAGTTTGTTGGGGCAG	24
ACGTGACTAGC	TTTACCCAATATCA	9
GGAGAACGCTTCTCCGCGTCTTCCGCGATATTCT	GAACGTTTTCTGCGTGTTGCCGATATTCTGGAAAGCAAT	19
ATCCGGTCGAAAAACTGCTGGCAGTGGGGCATTACCTCGAATCTA	GTTCGGCGGTACATCAGTGGCAAATGCAGAACGTTTTCTGCGTGTTGCCGAT	26
TACAGGAAACACAGAAAAAAGCCCGCACCTGACAGTGCGGGCTT	TTGAAAAAACCATTAGCGGCCAGGATGCTTTACCCAATATCAGCGA	26
AACTACTT	TTTTTTTTTCGACCA	12
GGGGCAGGTGGCCACCGTCCTCTCTGCCCCCGC	CCATGCACGTTGAAGTCCGGCGTACATCAGTGGCAAAT	21
GAGAACGCTTCTCCGCGTCTTCCGCGATATTCTGGTA	ATAACAGAGTACACGACATCCATGAAACTCATCTAAGCACCACC	25
AACGTTACTGTTATCGATCCGGT	CAGCTTCTGAACTGGTTACCTGCCGT	12
GGCAGGTTTCA	TGAAAAAGGCGAACT	10
CAGAGAGATAAAGATAA	GAGTCCACCCGCCGTATTGCG	15
AATTACAGAG	TGATGCTTTACCGC	9
ATGCGGGCTGTGGGTAGGACCTCGAATCTACC	GCCGTGAGTAAATTAAAATTTTATTGACTTAGGTCACT	25
CGCGTCTTCCGCGATATTCTGGTAAGCAATGCCA	ATAAAGATAACAGAGTACACGACATCCATGAAACT	24
TCGTCGATCAGGAATTT	TAAAAAAAGAGTGTCTGATAGCAG	17
ATTCCGGGTGAAGACATCGGCGCTGATGGCAGGTTTCACTGC	TAACCAATATAGGCATAGCGCACAGACAGATAAAAATTACAG	24
GCATAACGCACAGAGAGATAAAGATAACAGAGTACACGACATCCAT	CAACGATGCGCCGCTTGCCGTGGTTAGAAAATGTCGATCCCCAATT	28
T	ACCCAATATC	9
GCGCCGATTAGCTGTGATTACTGACGGCAACGGGCAAATATGTCTCT	GGCAACGGGCAAATATGTCTCTGTGTGTTAAAAAAAGAGTGTCTGGT	26
GCC	CCA	2
GCCGACATTAAAAAAGTCGGAACTGTGTGGTGCTTTGGACGCAACG	GACATCGGCGCTGATGGCAGGTTTCACTGCCGACATTAAAAAAGTCGGAA	32
GGGTACCCAGCTAGCGC	CCGATTCTTGCAGAACCCT	12
CTGTGTGGTGCTTTGGACGC	AACGTTTTCTGCGTGTTGCCGATATT	14
CTCATCTAAGCACCACCATTACCACCACCATAA	CAGGTTTCACTGCCGACATTAAAAAAGTCGGAACT	20
CTTTCGTCGATCAGGAATTTGCCCAAATAAAACATGTCCTGCATGGC	CGGCGTACATCAGTGGCAAATGGAGAACGCTTCTCCGCGTCTTCCGCGATATTCTG	31
TTAGAAGCGCGCGGTC	GGTAAATCTAAAATTTT	12
GCGGGGTTTTCTTTTCGACCAAAGGTAACGGGTAACTACCATGCA	ACAGACAGATAAAAATTACAGAGTACACAACATCCATGAAACGCATTAGC	30
CGAACGTATTTTTGCCGAACTTT	GTCGATAAGTAATTGCCCAAATATAT	11
TCCACCCGCCGTATT	TGTGATTACTGACGGCAACGGGC	16
CAA	GTGGCAAATGC	8
GTCCGGCGTACATCAGTGGCAAATGG	ATATTCTGGAAAGCAATGCCAGGCAGGGG	16
GGGCAATATGTCTCTGTGTGGATTAAAAAAAGAGTGTCTGATAGCAG	TGATGGCAGGTTTCACTGCCGACATTAAAAAAGTCGGAACTGTGTGGTG	24
ATGGTGCTGATGGCAGGTTTCACCGCCGGTAA	CGGTTCCGACTACTCTGCTGCGGTGCTGGCTGCCTGTTT	21
ATTAATGCCGGCGTATTATGTTGCGAGTTGTCACAATGCTGACTGCTA	ACCTGCCGTGAGTAAATTAAAATTTTATTGACTTAGGTCACTAAATACTT	26
GGCGCTGATGGCAGGTTTCACTGCCGACATTA	TGGCATTAGTTTGTTGGGGCAGTGCCCGGATA	16
TGGTTAGAAAATGTCGATCCCCAATTAATGCCGGCG	ACTGTTATCGATCCGGTCGAAAAACTGCTGGCAGTGGGGC	23
TACTGAGTCCACCCCCCG	GCCCGCACCTGACAGTGCGGGC	14
CATCCATGAAACTCATCTAAGCAC	GCAATGCGGGCTGTGGGTAGGACCTCGAA	19
GAAACACAGAAAAAAGCC	GCCGCTTGCCGTGGTTAGAAAATGT	16
CCGCCGGTAATGAAAAAGGCGA	TCGATTCAACGATGCGCCGCTTGCCGT	18
GATAAGTAATT	ACATCAGTGGCAAATGCAG	11
GCCACCGTCCTCTCTGCCCCCGCCAAA	TCGCCATTATGGCCGGCGTATTAGAAGCGCGC	21
GGCCGGCGTATTAGA	GTCACAATGCTGACTGC	10
CCGCACCGATT	TTGCCCAAATATATACAT	12
GA	CGGCAACG	6
GCAATATGTCTCTGTGTGGATTAAAAAAAGAGTGTCTGATAGCAGCTTC	CTGACTGCAACGGGCAATATGTCTCTGTGTGGATTAAAAAAAGAGTGTCTGATAGCAG	17
GGTAACGGTGCGGGCTGACGC	GGGTACCCAGCTAGCGCATATTGA	13
AGTTGTCACAATGCTGACTGCTATCGATCGGGGCGAGCAATGC	ACTTCGTCACTAACTACTTTAACCAATATAGGCATAACGCACAGAGAGAT	24
CGACCA	TTTCGAC	5
TTACCT	CTGGCAGTGGGG	9
ATCGGCGCTGATGGCAGGTTTCACTGCCGACATTAAAAAAGTCGGA	AAACCATTAGCGGCCATGATGCTTTACCGCAGATCAGCGATGCCGCACCG	28
CGACTACTCTGCTGCGGTGCTGGCT	GTAATTGCCCAAATATATACATGTCCTGC	18
GGGGCAGGTGGCCACCGTCCTCTCTGCC	TCGCGTACACCAAACACAGAAAAAAACCG	22
CCCTTGACGTGACTAGCCTGCGC	TAACTACTTTAACCAATATAGGCATAAC	17
TGCAGAACGTTTTCTGCGTGTTGCCGAT	CCGACTACTCTGCTGCGGATGCTCGCTACCTGTTC	18
CCCAGCCGGGGTAC	GCGCGCGGTCACAA	8
TTATTGACTTCGTCACTAACTACTTTAACCAATATAGGCATAACGC	CTGTCGCGTACACCAAACACAGAAAAAAACCGGGTCTGACAGTGCGGGGTTTTCT	34
AA	GTGGTGCTTGG	11
CTTGACGTGACTAGCCTGCGCGCC	TCCCCAATTAATGCCGGCGTATTATGT	18
CCTGCCGTGAGTAAATTAA	ATTGAAATCTTTCGTCGATA	13
GGACTCGCCGCCGCCCAGCCGGGGTT	TAGCGGCCAGGATGCTTTACCCAATATCAGCGATG	21
TCGAAAA	CACCACC	6
GTACATCAGTGGCAAATGGAGAACGCTTCTCCGCGTCTTCC	TGCGGATGCTCGCTACCTGTTCCCGCGCCTGAT	21
GCGGCCA	CAATTAATGC	9
CGGGGTACCCAGCTAGCGCATATTGAAATCTTT	CCACCATTACCACCACCATCACCATTACCACAGGTAACG	24
GTAACGAGGTAACAACCATGCGAGTGTTGAAGTTCGGCGGTACATCAGT	GCCCAGCCGGGGTACCCAGCTAGCGCATATTGAAATCTTTCGTCGATAAG	24
AAATGGAGAACGCTTCTCCGCG	TGCCCAAATATATACATGTCCTGCATGG	16
AATGTCGATCGCCATTATGGCCGGCGTATTAGA	AACTCATCTAAGCACCACCATTACCACCACCATAAACCA	19
CAATTGAAAACTTTCGTCGA	GGCGCTGATGGCAGGTTTCACTGCCG	15
CGT	CTTCTCCGCGTC	9
GATAACAGAGTACACGACATCCATGAAACTCATCTAA	GCGTACATCAGTGGCAAATGGAGAACGCTTCTCCGCGT	22
ACCAATATAGGCATAGCGCACAGACAGATAAAAAT	ACTGCCGACATTAAAAAAGTCGGAACTGTGTGGTG	23
AAATGCAGAACGTTTTCTGCGTGTTGCCGATATTCTGG	ATTCTTGCAGAACCCTTGACGTGACTAGCCTGCGCGCCC	22
AACGGTTCCGACTACTCTGCTGCGGATGCTCGCTACCTGTTCCCGCG	CGCAGATCAGCGATGCCGCACCGATTCTTGCAGAACCCTTGACGTGACT	26
AGCAATGCG	ATTAGCACCACCATT	10
GTCGATCCCCAATTAATGCCGGCGTATTATGTTGCGAG	GGCAAATATGTCTCTGTGTGTTAAAAAAAGAGTGTCTGGTAGCAG	26
TCTGTGTGGATTAAA	AAAAGGCGAACTGGTGGTGC	15
CCACCATCACCATTACCACAGGTAACGGTGCGGGC	TAGCAGCTTCTGAAATGTTACCTGCCGTGGGTAAATCTAAAAT	26
CCCCGA	CGGCCATGA	4
GAGTACACAACATCCATGAAACGCATTAGCACCACCATTACCACCACC	ACGCTTCTCCGCGTCTTCCGCGATATTCTGGTAAGCAATGCCAGGCAGGGGCGGCTG	34
GCCATTATGGCCGGCGTATTAGAAGCGCGC	CGAATCTACCGTCGCAATTACTGAGTCCACCCCCCGT	20
CATCAACGCTGCGCTGATTTGCCGTGGCGA	CTCTGTGTGTTAAAAAAAGAGTGTCTGGTAGC	21
CTGATTTGCCGTGGCGAGAAAATGTCGATCGCCATTATGGCCGGCGTATT	AATCTAAAATTTTTATTGACTTCGTCACTAACTACTTTAACCAATATAGGCA	34
AGCGCACAGACAGATAAAAATTACAGAGTACACAACATCCAT	GTGGGGCATTACCTCGAATCTACCGTCGATATTGCTGAGTCCACC	27
TTGACG	GCCTGCGCGCCC	8
ACGGGCAATA	CGGGCTGACGCGTACAGG	11
TGATGCTTTAC	CCGGGTCTGAC	7
TTTCTTTTCGAC	CAGTGGCAAATG	11
GTGTTAAAAAAAGAGTGTCTGGTA	GCGATGCCGAACGTATTTTTGCCGAACTTTT	19
AGAAAAAAGCCCGCACCTGACAGTGCG	TTTGCCCAAATAAAACATGTCCTGCATGGCATTAGT	20
ATTGACTTAGGTCACTAAATACTTTAACCAATATAGGCATAGCG	TTGCCGTGGCGAGAAAATGTCGATCGCCATTATGGCCGGCGTATTAGAAGCGC	26
AAAGATAACAGAGTACACGACATCCATGAAACTCATCTAAGCACCACCAT	GTGCGGGCTGACGCGTACAGGAAACACAGAAAAAAGCCCGCACCTGACAGTGCGGG	31
AGACATCGGCGCTGATGGCAGGTTTCACTGCCGACATTAAAAA	GCTTGGACGCAACGGTTCCGACTACTCTGCTGCGGTGCTGGCTGCCTGTT	31
TGACTGCAACGGGCAATATGTCTCTGTGTGGATTAA	GACGCAACGGTTCCGACTACTCTGCTGCGGATGCTC	16
GACTTCGTCACTAACTACT	CCCAGCCGGGGTTCCCGCTGGCGCAAT	17
GC	GGGGCAGG	6
ATCTAAGCACCACCATTA	ATTGCTGAGTCCACCCGCCGT	10
